"","Id","ActivityDate","TotalSteps","VeryActiveDistance","ModeratelyActiveDistance","LightActiveDistance","SedentaryActiveDistance","VeryActiveMinutes","FairlyActiveMinutes","LightlyActiveMinutes","SedentaryMinutes","Calories","TotalDistance","TotalMinutes"
"1","1503960366",2016-04-12,13162,1.879999995,0.550000012,6.059999943,0,25,13,328,728,1985,8.48999995,1094
"2","1503960366",2016-04-13,10735,1.570000052,0.689999998,4.710000038,0,21,19,217,776,1797,6.970000088,1033
"3","1503960366",2016-04-14,10460,2.440000057,0.400000006,3.910000086,0,30,11,181,1218,1776,6.750000149,1440
"4","1503960366",2016-04-15,9762,2.140000105,1.25999999,2.829999924,0,29,34,209,726,1745,6.230000019,998
"5","1503960366",2016-04-16,12669,2.710000038,0.409999996,5.039999962,0,36,10,221,773,1863,8.159999996,1040
"6","1503960366",2016-04-17,9705,3.190000057,0.779999971,2.50999999,0,38,20,164,539,1728,6.480000019,761
"7","1503960366",2016-04-18,13019,3.25,0.639999986,4.710000038,0,42,16,233,1149,1921,8.600000024,1440
"8","1503960366",2016-04-19,15506,3.529999971,1.320000052,5.03000021,0,50,31,264,775,2035,9.880000234,1120
"9","1503960366",2016-04-20,10544,1.960000038,0.479999989,4.239999771,0,28,12,205,818,1786,6.679999799,1063
"10","1503960366",2016-04-21,9819,1.340000033,0.349999994,4.650000095,0,19,8,211,838,1775,6.340000123,1076
"11","1503960366",2016-04-22,12764,4.760000229,1.120000005,2.24000001,0,66,27,130,1217,1827,8.120000243,1440
"12","1503960366",2016-04-23,14371,2.809999943,0.870000005,5.360000134,0,41,21,262,732,1949,9.040000081,1056
"13","1503960366",2016-04-24,10039,2.920000076,0.209999993,3.279999971,0,39,5,238,709,1788,6.410000041,991
"14","1503960366",2016-04-25,15355,5.289999962,0.569999993,3.940000057,0,73,14,216,814,2013,9.800000012,1117
"15","1503960366",2016-04-26,13755,2.329999924,0.920000017,5.539999962,0,31,23,279,833,1970,8.789999902,1166
"16","1503960366",2016-04-27,18134,6.400000095,0.409999996,5.409999847,0,78,11,243,1108,2159,12.21999994,1440
"17","1503960366",2016-04-28,13154,3.539999962,1.159999967,3.789999962,0,48,28,189,782,1898,8.48999989,1047
"18","1503960366",2016-04-29,11181,1.059999943,0.5,5.579999924,0,16,12,243,815,1837,7.139999866,1086
"19","1503960366",2016-04-30,14673,3.559999943,1.419999957,4.269999981,0,52,34,217,712,1947,9.249999881,1015
"20","1503960366",2016-05-01,10602,2.289999962,1.600000024,2.920000076,0,33,35,246,730,1820,6.810000062,1044
"21","1503960366",2016-05-02,14727,3.210000038,0.569999993,5.920000076,0,41,15,277,798,2004,9.700000107,1131
"22","1503960366",2016-05-03,15103,3.730000019,1.049999952,4.880000114,0,50,24,254,816,1990,9.660000086,1144
"23","1503960366",2016-05-04,11100,2.460000038,0.870000005,3.819999933,0,36,22,203,1179,1819,7.149999976,1440
"24","1503960366",2016-05-05,14070,2.920000076,1.080000043,4.880000114,0,45,24,250,857,1959,8.880000234,1176
"25","1503960366",2016-05-06,12159,1.970000029,0.25,5.809999943,0,24,6,289,754,1896,8.029999971,1073
"26","1503960366",2016-05-07,11992,2.460000038,2.119999886,3.130000114,0,37,46,175,833,1821,7.710000038,1091
"27","1503960366",2016-05-08,10060,3.529999971,0.319999993,2.730000019,0,44,8,203,574,1740,6.579999983,829
"28","1503960366",2016-05-09,12022,3.450000048,0.529999971,3.74000001,0,46,11,206,835,1819,7.720000029,1098
"29","1503960366",2016-05-10,12207,3.349999905,1.159999967,3.25999999,0,46,31,214,746,1859,7.769999862,1037
"30","1503960366",2016-05-11,12770,2.559999943,1.00999999,4.550000191,0,36,23,251,669,1783,8.120000124,979
"31","1503960366",2016-05-12,0,0,0,0,0,0,0,0,1440,0,0,1440
"32","1624580081",2016-04-12,8163,0,0,5.309999943,0,0,0,146,1294,1432,5.309999943,1440
"33","1624580081",2016-04-13,7007,0,0,4.550000191,0,0,0,148,1292,1411,4.550000191,1440
"34","1624580081",2016-04-14,9107,0,0,5.909999847,0.01,0,0,236,1204,1572,5.919999847,1440
"35","1624580081",2016-04-15,1510,0,0,0.970000029,0,0,0,96,1344,1344,0.970000029,1440
"36","1624580081",2016-04-16,5370,0,0,3.49000001,0,0,0,176,1264,1463,3.49000001,1440
"37","1624580081",2016-04-17,6175,1.029999971,1.519999981,1.49000001,0.01,15,22,127,1276,1554,4.049999962,1440
"38","1624580081",2016-04-18,10536,2.150000095,0.620000005,4.619999886,0.01,17,7,202,1214,1604,7.399999985,1440
"39","1624580081",2016-04-19,2916,0,0,1.899999976,0,0,0,141,1299,1435,1.899999976,1440
"40","1624580081",2016-04-20,4974,0,0,3.230000019,0,0,0,151,1289,1446,3.230000019,1440
"41","1624580081",2016-04-21,6349,0,0,4.110000134,0.02,0,0,186,1254,1467,4.130000133,1440
"42","1624580081",2016-04-22,4026,0,0,2.599999905,0,0,0,199,1241,1470,2.599999905,1440
"43","1624580081",2016-04-23,8538,0,0,5.539999962,0.01,0,0,227,1213,1562,5.549999962,1440
"44","1624580081",2016-04-24,6076,1.149999976,0.910000026,1.889999986,0,16,18,185,1221,1617,3.949999988,1440
"45","1624580081",2016-04-25,6497,0,0,4.199999809,0.02,0,0,202,1238,1492,4.219999809,1440
"46","1624580081",2016-04-26,2826,0,0,1.830000043,0.01,0,0,140,1300,1402,1.840000043,1440
"47","1624580081",2016-04-27,8367,1.110000014,1.870000005,2.460000038,0,17,36,154,1233,1670,5.440000057,1440
"48","1624580081",2016-04-28,2759,0,0.200000003,1.600000024,0,0,5,115,1320,1401,1.800000027,1440
"49","1624580081",2016-04-29,2390,0,0,1.549999952,0,0,0,150,1290,1404,1.549999952,1440
"50","1624580081",2016-04-30,6474,0.899999976,1.279999971,2.119999886,0.01,11,23,224,1182,1655,4.309999833,1440
"51","1624580081",2016-05-01,36019,21.92000008,4.190000057,1.909999967,0.02,186,63,171,1020,2690,28.0400001,1440
"52","1624580081",2016-05-02,7155,0.860000014,0.589999974,3.470000029,0,7,6,166,1261,1497,4.920000017,1440
"53","1624580081",2016-05-03,2100,0,0,1.340000033,0.02,0,0,96,1344,1334,1.360000033,1440
"54","1624580081",2016-05-04,2193,0,0,1.419999957,0,0,0,118,1322,1368,1.419999957,1440
"55","1624580081",2016-05-05,2470,0,0,1.580000043,0.02,0,0,117,1323,1370,1.600000042,1440
"56","1624580081",2016-05-06,1727,0,0,1.120000005,0.01,0,0,102,1338,1341,1.130000005,1440
"57","1624580081",2016-05-07,2104,0,0,1.370000005,0,0,0,182,1258,1474,1.370000005,1440
"58","1624580081",2016-05-08,3427,0,0,2.220000029,0,0,0,152,1288,1427,2.220000029,1440
"59","1624580081",2016-05-09,1732,0,0,1.129999995,0,0,0,91,1349,1328,1.129999995,1440
"60","1624580081",2016-05-10,2969,0,0,1.919999957,0.01,0,0,139,1301,1393,1.929999957,1440
"61","1624580081",2016-05-11,3134,0,0,2.039999962,0,0,0,112,1328,1359,2.039999962,1440
"62","1624580081",2016-05-12,2971,0,0,1.919999957,0.01,0,0,107,890,1002,1.929999957,997
"63","1644430081",2016-04-12,10694,0.140000001,2.299999952,5.329999924,0,2,51,256,1131,3199,7.769999877,1440
"64","1644430081",2016-04-13,8001,2.279999971,0.899999976,2.640000105,0,30,16,135,1259,2902,5.820000052,1440
"65","1644430081",2016-04-14,11037,0.360000014,2.559999943,5.099999905,0,5,58,252,1125,3226,8.019999862,1440
"66","1644430081",2016-04-15,5263,0.219999999,0.150000006,3.450000048,0,3,4,170,1263,2750,3.820000052,1440
"67","1644430081",2016-04-16,15300,4.099999905,1.879999995,5.090000153,0,51,42,212,1135,3493,11.07000005,1440
"68","1644430081",2016-04-17,8757,2.25,0.569999993,3.549999952,0,29,13,186,1212,3011,6.369999945,1440
"69","1644430081",2016-04-18,7132,1.070000052,1.669999957,2.450000048,0,15,33,121,1271,2806,5.190000057,1440
"70","1644430081",2016-04-19,11256,0.360000014,2.529999971,5.300000191,0,5,58,278,1099,3300,8.190000176,1440
"71","1644430081",2016-04-20,2436,0,0,1.75999999,0.01,0,0,125,1315,2430,1.76999999,1440
"72","1644430081",2016-04-21,1223,0,0,0.879999995,0.01,0,0,38,1402,2140,0.889999995,1440
"73","1644430081",2016-04-22,3673,0,0,2.660000086,0.01,0,0,86,1354,2344,2.670000086,1440
"74","1644430081",2016-04-23,6637,0,0.579999983,4.25,0,0,15,160,1265,2677,4.829999983,1440
"75","1644430081",2016-04-24,3321,0,0,2.410000086,0,0,0,89,1351,2413,2.410000086,1440
"76","1644430081",2016-04-25,3580,0.589999974,0.059999999,1.950000048,0,8,1,94,1337,2497,2.60000002,1440
"77","1644430081",2016-04-26,9919,0.800000012,1.720000029,4.690000057,0,11,41,223,1165,3123,7.210000098,1440
"78","1644430081",2016-04-27,3032,0,0,2.200000048,0,0,0,118,1322,2489,2.200000048,1440
"79","1644430081",2016-04-28,9405,0.200000003,2.319999933,4.309999943,0,3,53,227,1157,3108,6.829999879,1440
"80","1644430081",2016-04-29,3176,0,0,2.309999943,0,0,0,120,1193,2498,2.309999943,1313
"81","1644430081",2016-04-30,18213,0.629999995,3.140000105,9.460000038,0,9,71,402,816,3846,13.23000014,1298
"82","1644430081",2016-05-01,6132,0.239999995,0.99000001,3.230000019,0,3,24,146,908,2696,4.460000023,1081
"83","1644430081",2016-05-02,3758,0.07,0.310000002,2.349999905,0,1,7,148,682,2580,2.729999907,838
"84","1644430081",2016-05-03,12850,0.720000029,4.090000153,4.539999962,0,10,94,221,1115,3324,9.350000143,1440
"85","1644430081",2016-05-04,2309,0,0,1.659999967,0.02,0,0,52,1388,2222,1.679999966,1440
"86","1644430081",2016-05-05,4363,0.519999981,0.540000021,2.130000114,0.01,6,12,81,1341,2463,3.200000117,1440
"87","1644430081",2016-05-06,9787,0.819999993,0.270000011,6.010000229,0.02,11,6,369,1054,3328,7.120000232,1440
"88","1644430081",2016-05-07,13372,3.25999999,0.790000021,5.670000076,0.01,41,17,243,1139,3404,9.730000088,1440
"89","1644430081",2016-05-08,6724,0,0,4.880000114,0,0,0,295,991,2987,4.880000114,1286
"90","1644430081",2016-05-09,6643,2.390000105,0.349999994,2.089999914,0.01,32,6,303,1099,3008,4.840000013,1440
"91","1644430081",2016-05-10,9167,0.879999995,0.810000002,4.96999979,0.01,12,19,155,1254,2799,6.669999788,1440
"92","1644430081",2016-05-11,1329,0,0,0.949999988,0.01,0,0,49,713,1276,0.959999988,762
"93","1844505072",2016-04-12,6697,0,0,4.429999828,0,0,0,339,1101,2030,4.429999828,1440
"94","1844505072",2016-04-13,4929,0,0,3.25999999,0,0,0,248,1192,1860,3.25999999,1440
"95","1844505072",2016-04-14,7937,0,0,5.230000019,0,0,0,373,843,2130,5.230000019,1216
"96","1844505072",2016-04-15,3844,0,0,2.539999962,0,0,0,176,527,1725,2.539999962,703
"97","1844505072",2016-04-16,3414,0,0,2.25999999,0,0,0,147,1293,1657,2.25999999,1440
"98","1844505072",2016-04-17,4525,0.140000001,0.25999999,2.589999914,0,2,8,199,1231,1793,2.989999905,1440
"99","1844505072",2016-04-18,4597,0,0.479999989,2.559999943,0,0,12,217,1211,1814,3.039999932,1440
"100","1844505072",2016-04-19,197,0,0,0.129999995,0,0,0,10,1430,1366,0.129999995,1440
"101","1844505072",2016-04-20,8,0,0,0.01,0,0,0,1,1439,1349,0.01,1440
"102","1844505072",2016-04-21,8054,0.119999997,0.519999981,4.679999828,0,2,13,308,1117,2062,5.319999807,1440
"103","1844505072",2016-04-22,5372,0,0,3.549999952,0,0,0,220,1220,1827,3.549999952,1440
"104","1844505072",2016-04-23,3570,0,0,2.359999895,0,0,0,139,1301,1645,2.359999895,1440
"105","1844505072",2016-04-24,0,0,0,0,0,0,0,0,1440,1347,0,1440
"106","1844505072",2016-04-25,0,0,0,0,0,0,0,0,1440,1347,0,1440
"107","1844505072",2016-04-26,0,0,0,0,0,0,0,0,1440,1347,0,1440
"108","1844505072",2016-04-27,4,0,0,0,0,0,0,1,1439,1348,0,1440
"109","1844505072",2016-04-28,6907,0,0,4.559999943,0,0,0,302,1138,1992,4.559999943,1440
"110","1844505072",2016-04-29,4920,0,0,3.25,0,0,0,247,1082,1856,3.25,1329
"111","1844505072",2016-04-30,4014,0,0,2.650000095,0,0,0,184,218,1763,2.650000095,402
"112","1844505072",2016-05-01,2573,0,0.25999999,1.450000048,0,0,7,75,585,1541,1.710000038,667
"113","1844505072",2016-05-02,0,0,0,0,0,0,0,0,1440,1348,0,1440
"114","1844505072",2016-05-03,4059,0,0,2.680000067,0,0,0,184,1256,1742,2.680000067,1440
"115","1844505072",2016-05-04,2080,0,0,1.370000005,0,0,0,87,1353,1549,1.370000005,1440
"116","1844505072",2016-05-05,2237,0,0,1.480000019,0,0,0,120,1320,1589,1.480000019,1440
"117","1844505072",2016-05-06,44,0,0,0.029999999,0,0,0,2,1438,1351,0.029999999,1440
"118","1844505072",2016-05-07,0,0,0,0,0,0,0,0,1440,1347,0,1440
"119","1844505072",2016-05-08,0,0,0,0,0,0,0,0,1440,1347,0,1440
"120","1844505072",2016-05-09,0,0,0,0,0,0,0,0,1440,1347,0,1440
"121","1844505072",2016-05-10,0,0,0,0,0,0,0,0,1440,1347,0,1440
"122","1844505072",2016-05-11,0,0,0,0,0,0,0,0,1440,1347,0,1440
"123","1844505072",2016-05-12,0,0,0,0,0,0,0,0,711,665,0,711
"124","1927972279",2016-04-12,678,0,0,0.469999999,0,0,0,55,734,2220,0.469999999,789
"125","1927972279",2016-04-13,356,0,0,0.25,0,0,0,32,986,2151,0.25,1018
"126","1927972279",2016-04-14,2163,0,0.400000006,1.100000024,0,0,9,88,1292,2383,1.50000003,1389
"127","1927972279",2016-04-15,980,0,0,0.680000007,0,0,0,51,941,2221,0.680000007,992
"128","1927972279",2016-04-16,0,0,0,0,0,0,0,0,1440,2064,0,1440
"129","1927972279",2016-04-17,0,0,0,0,0,0,0,0,1440,2063,0,1440
"130","1927972279",2016-04-18,244,0,0,0.170000002,0,0,0,17,1423,2111,0.170000002,1440
"131","1927972279",2016-04-19,0,0,0,0,0,0,0,0,1440,2063,0,1440
"132","1927972279",2016-04-20,0,0,0,0,0,0,0,0,1440,2063,0,1440
"133","1927972279",2016-04-21,0,0,0,0,0,0,0,0,1440,2064,0,1440
"134","1927972279",2016-04-22,149,0,0,0.100000001,0,0,0,10,1430,2093,0.100000001,1440
"135","1927972279",2016-04-23,2945,0,0,2.039999962,0,0,0,145,1295,2499,2.039999962,1440
"136","1927972279",2016-04-24,2090,0.07,0.239999995,1.139999986,0,1,6,75,1358,2324,1.449999981,1440
"137","1927972279",2016-04-25,152,0,0,0.109999999,0,0,0,12,1303,2100,0.109999999,1315
"138","1927972279",2016-04-26,3761,0,0,2.599999905,0,0,0,192,1058,2638,2.599999905,1250
"139","1927972279",2016-04-27,0,0,0,0,0,0,0,0,1440,2063,0,1440
"140","1927972279",2016-04-28,1675,0,0,1.159999967,0,0,0,95,1167,2351,1.159999967,1262
"141","1927972279",2016-04-29,0,0,0,0,0,0,0,0,1440,2063,0,1440
"142","1927972279",2016-04-30,0,0,0,0,0,0,0,0,1440,2064,0,1440
"143","1927972279",2016-05-01,2704,1.00999999,0.029999999,0.829999983,0,14,1,70,1355,2411,1.869999973,1440
"144","1927972279",2016-05-02,3790,1.159999967,0.300000012,1.159999967,0,16,8,94,1322,2505,2.619999945,1440
"145","1927972279",2016-05-03,1326,0.730000019,0,0.180000007,0,10,0,17,1413,2195,0.910000026,1440
"146","1927972279",2016-05-04,1786,0,0,1.24000001,0,0,0,87,1353,2338,1.24000001,1440
"147","1927972279",2016-05-05,0,0,0,0,0,0,0,0,1440,2063,0,1440
"148","1927972279",2016-05-06,2091,0,0,1.450000048,0,0,0,108,1332,2383,1.450000048,1440
"149","1927972279",2016-05-07,1510,0,0,1.039999962,0,0,0,48,1392,2229,1.039999962,1440
"150","1927972279",2016-05-08,0,0,0,0,0,0,0,0,1440,2063,0,1440
"151","1927972279",2016-05-09,0,0,0,0,0,0,0,0,1440,2063,0,1440
"152","1927972279",2016-05-10,0,0,0,0,0,0,0,0,1440,2063,0,1440
"153","1927972279",2016-05-11,0,0,0,0,0,0,0,0,1440,2063,0,1440
"154","1927972279",2016-05-12,0,0,0,0,0,0,0,0,966,1383,0,966
"155","2022484408",2016-04-12,11875,3.309999943,0.769999981,4.260000229,0,42,14,227,1157,2390,8.340000153,1440
"156","2022484408",2016-04-13,12024,2.99000001,0.100000001,5.409999847,0,43,5,292,1100,2601,8.499999858,1440
"157","2022484408",2016-04-14,10690,2.480000019,0.209999993,4.820000172,0,32,3,257,1148,2312,7.510000184,1440
"158","2022484408",2016-04-15,11034,1.940000057,0.310000002,5.78000021,0,27,9,282,1122,2525,8.030000269,1440
"159","2022484408",2016-04-16,10100,3.150000095,0.550000012,3.390000105,0,41,11,151,1237,2177,7.090000212,1440
"160","2022484408",2016-04-17,15112,3.869999886,0.660000026,6.880000114,0,28,29,331,1052,2782,11.41000003,1440
"161","2022484408",2016-04-18,14131,3.640000105,0.119999997,6.300000191,0,48,3,311,1078,2770,10.06000029,1440
"162","2022484408",2016-04-19,11548,3.289999962,0.239999995,5,0,31,7,250,1152,2489,8.529999956,1440
"163","2022484408",2016-04-20,15112,3.339999914,1.929999948,5.400000095,0,48,63,276,1053,2897,10.66999996,1440
"164","2022484408",2016-04-21,12453,3.329999924,1.110000014,4.309999943,0,104,53,255,1028,3158,8.749999881,1440
"165","2022484408",2016-04-22,12954,4.429999828,0.419999987,4.46999979,0,52,10,273,1105,2638,9.319999605,1440
"166","2022484408",2016-04-23,6001,0,0,4.210000038,0,0,0,249,1191,2069,4.210000038,1440
"167","2022484408",2016-04-24,13481,4.550000191,1.149999976,4.579999924,0,37,26,216,1161,2529,10.28000009,1440
"168","2022484408",2016-04-25,11369,3.329999924,0.219999999,4.460000038,0,44,8,217,1171,2470,8.009999961,1440
"169","2022484408",2016-04-26,10119,1.429999948,0.660000026,5.110000134,0,55,24,275,1086,2793,7.200000107,1440
"170","2022484408",2016-04-27,10159,1.039999962,0.970000029,5.119999886,0,19,20,282,1119,2463,7.129999876,1440
"171","2022484408",2016-04-28,10140,0.409999996,1.330000043,5.389999866,0,6,20,291,1123,2296,7.129999906,1440
"172","2022484408",2016-04-29,10245,0.479999989,1.210000038,5.5,0,21,40,281,1098,2611,7.190000027,1440
"173","2022484408",2016-04-30,18387,0.939999998,1.399999976,10.56999969,0,13,23,361,1043,2732,12.90999967,1440
"174","2022484408",2016-05-01,10538,1.940000057,0.959999979,4.5,0,25,28,245,1142,2380,7.400000036,1440
"175","2022484408",2016-05-02,10379,2.609999895,0.340000004,4.329999924,0,36,8,277,1119,2473,7.279999822,1440
"176","2022484408",2016-05-03,12183,3.99000001,0.460000008,4.28000021,0,72,14,250,1104,2752,8.730000228,1440
"177","2022484408",2016-05-04,11768,2.50999999,0.930000007,4.849999905,0,36,27,272,1105,2649,8.289999902,1440
"178","2022484408",2016-05-05,11895,2.789999962,0.860000014,4.699999809,0,55,20,253,1112,2609,8.349999785,1440
"179","2022484408",2016-05-06,10227,1.870000005,0.670000017,4.639999866,0,24,17,295,1104,2498,7.179999888,1440
"180","2022484408",2016-05-07,6708,1.610000014,0.079999998,3.019999981,0,20,2,149,1269,1995,4.709999993,1440
"181","2022484408",2016-05-08,3292,0,0,2.309999943,0,0,0,135,1305,1848,2.309999943,1440
"182","2022484408",2016-05-09,13379,2.119999886,1.629999995,5.639999866,0,35,47,297,1061,2709,9.389999747,1440
"183","2022484408",2016-05-10,12798,2.220000029,1.210000038,5.559999943,0,57,28,271,1084,2797,8.99000001,1440
"184","2022484408",2016-05-11,13272,4.179999828,1.149999976,3.99000001,0,58,25,224,1133,2544,9.319999814,1440
"185","2022484408",2016-05-12,9117,1.279999971,0.670000017,4.440000057,0,16,16,236,728,1853,6.390000045,996
"186","2026352035",2016-04-12,4414,0.189999998,0.349999994,2.200000048,0,3,8,181,706,1459,2.740000039,898
"187","2026352035",2016-04-13,4993,0,0,3.099999905,0,0,0,238,663,1521,3.099999905,901
"188","2026352035",2016-04-14,3335,0,0,2.049999952,0,0,0,197,653,1431,2.049999952,850
"189","2026352035",2016-04-15,3821,0,0,2.369999886,0,0,0,188,687,1444,2.369999886,875
"190","2026352035",2016-04-16,2547,0,0,1.580000043,0,0,0,150,728,1373,1.580000043,878
"191","2026352035",2016-04-17,838,0,0,0.519999981,0,0,0,60,1053,1214,0.519999981,1113
"192","2026352035",2016-04-18,3325,0,0,2.059999943,0,0,0,182,1062,1419,2.059999943,1244
"193","2026352035",2016-04-19,2424,0,0,1.5,0,0,0,141,785,1356,1.5,926
"194","2026352035",2016-04-20,7222,0,0,4.480000019,0,0,0,327,623,1667,4.480000019,950
"195","2026352035",2016-04-21,2467,0,0,1.529999971,0,0,0,153,749,1370,1.529999971,902
"196","2026352035",2016-04-22,2915,0,0,1.809999943,0,0,0,162,712,1399,1.809999943,874
"197","2026352035",2016-04-23,12357,0,0,7.710000038,0,0,0,432,458,1916,7.710000038,890
"198","2026352035",2016-04-24,3490,0,0,2.160000086,0,0,0,164,704,1401,2.160000086,868
"199","2026352035",2016-04-25,6017,0,0,3.730000019,0,0,0,260,821,1576,3.730000019,1081
"200","2026352035",2016-04-26,5933,0,0,3.680000067,0,0,0,288,1018,1595,3.680000067,1306
"201","2026352035",2016-04-27,6088,0,0,3.769999981,0,0,0,286,586,1593,3.769999981,872
"202","2026352035",2016-04-28,6375,0,0,3.950000048,0,0,0,331,626,1649,3.950000048,957
"203","2026352035",2016-04-29,7604,0,0,4.710000038,0,0,0,352,492,1692,4.710000038,844
"204","2026352035",2016-04-30,4729,0,0,2.930000067,0,0,0,233,594,1506,2.930000067,827
"205","2026352035",2016-05-01,3609,0,0,2.279999971,0,0,0,191,716,1447,2.279999971,907
"206","2026352035",2016-05-02,7018,0,0,4.349999905,0,0,0,355,716,1690,4.349999905,1071
"207","2026352035",2016-05-03,5992,0,0,3.720000029,0,0,0,304,981,1604,3.720000029,1285
"208","2026352035",2016-05-04,6564,0,0,4.070000172,0,0,0,345,530,1658,4.070000172,875
"209","2026352035",2016-05-05,12167,0,0,7.539999962,0,0,0,475,479,1926,7.539999962,954
"210","2026352035",2016-05-06,8198,0,0,5.079999924,0,0,0,383,511,1736,5.079999924,894
"211","2026352035",2016-05-07,4193,0,0,2.599999905,0,0,0,229,665,1491,2.599999905,894
"212","2026352035",2016-05-08,5528,0,0,3.450000048,0,0,0,258,610,1555,3.450000048,868
"213","2026352035",2016-05-09,10685,0,0,6.599999905,0,0,0,401,543,1869,6.599999905,944
"214","2026352035",2016-05-10,254,0,0,0.159999996,0,0,0,17,1002,1141,0.159999996,1019
"215","2026352035",2016-05-11,8580,0,0,5.320000172,0,0,0,330,569,1698,5.320000172,899
"216","2026352035",2016-05-12,8891,0,0,5.510000229,0,0,0,343,330,1364,5.510000229,673
"217","2320127002",2016-04-12,10725,1.169999957,0.310000002,6.010000229,0,13,9,306,1112,2124,7.490000188,1440
"218","2320127002",2016-04-13,7275,0,0,4.900000095,0,0,0,335,1105,2003,4.900000095,1440
"219","2320127002",2016-04-14,3973,0,0,2.680000067,0,0,0,191,1249,1696,2.680000067,1440
"220","2320127002",2016-04-15,5205,0,0,3.50999999,0,0,0,245,1195,1801,3.50999999,1440
"221","2320127002",2016-04-16,5057,0,0,3.400000095,0,0,0,195,1245,1724,3.400000095,1440
"222","2320127002",2016-04-17,6198,0,0,4.179999828,0,0,0,249,1191,1852,4.179999828,1440
"223","2320127002",2016-04-18,6559,0,0.25999999,4.139999866,0,0,7,260,1173,1905,4.399999857,1440
"224","2320127002",2016-04-19,5997,0,0.379999995,3.660000086,0,0,11,228,1201,1811,4.040000081,1440
"225","2320127002",2016-04-20,7192,0,0.49000001,4.340000153,0,0,11,283,1146,1922,4.830000162,1440
"226","2320127002",2016-04-21,3404,0.059999999,0.419999987,1.809999943,0,1,10,127,1302,1610,2.289999928,1440
"227","2320127002",2016-04-22,5583,0,0,3.75999999,0,0,0,266,1174,1851,3.75999999,1440
"228","2320127002",2016-04-23,5079,0,0,3.420000076,0,0,0,242,1129,1804,3.420000076,1371
"229","2320127002",2016-04-24,4165,0,0,2.799999952,0,0,0,204,1236,1725,2.799999952,1440
"230","2320127002",2016-04-25,3588,0.230000004,0.200000003,1.99000001,0,3,5,152,1280,1654,2.420000017,1440
"231","2320127002",2016-04-26,3409,0,0,2.299999952,0,0,0,147,1293,1632,2.299999952,1440
"232","2320127002",2016-04-27,1715,0,0,1.159999967,0,0,0,82,1358,1481,1.159999967,1440
"233","2320127002",2016-04-28,1532,0,0,1.029999971,0,0,0,76,1364,1473,1.029999971,1440
"234","2320127002",2016-04-29,924,0,0,0.620000005,0,0,0,45,1395,1410,0.620000005,1440
"235","2320127002",2016-04-30,4571,0,0,3.069999933,0,0,0,234,1206,1779,3.069999933,1440
"236","2320127002",2016-05-01,772,0,0,0.519999981,0,0,0,40,1400,1403,0.519999981,1440
"237","2320127002",2016-05-02,3634,0.360000014,0.209999993,1.879999995,0,5,6,123,1306,1613,2.450000003,1440
"238","2320127002",2016-05-03,7443,1.49000001,0.370000005,3.160000086,0,20,10,206,1204,1878,5.0200001,1440
"239","2320127002",2016-05-04,1201,0,0,0.810000002,0,0,0,52,1388,1426,0.810000002,1440
"240","2320127002",2016-05-05,5202,0,0.389999986,3.109999895,0,0,11,223,1206,1780,3.499999881,1440
"241","2320127002",2016-05-06,4878,0,0,3.289999962,0,0,0,204,1236,1742,3.289999962,1440
"242","2320127002",2016-05-07,7379,0,0,4.96999979,0,0,0,319,1121,1972,4.96999979,1440
"243","2320127002",2016-05-08,5161,0,0,3.470000029,0,0,0,247,1193,1821,3.470000029,1440
"244","2320127002",2016-05-09,3090,0,0,2.079999924,0,0,0,145,1295,1630,2.079999924,1440
"245","2320127002",2016-05-10,6227,0,0,4.199999809,0,0,0,290,1150,1899,4.199999809,1440
"246","2320127002",2016-05-11,6424,0,0,4.329999924,0,0,0,300,1140,1903,4.329999924,1440
"247","2320127002",2016-05-12,2661,0,0,1.789999962,0,0,0,128,830,1125,1.789999962,958
"248","2347167796",2016-04-12,10113,2,0.620000005,4.199999809,0,28,13,320,964,2344,6.819999814,1325
"249","2347167796",2016-04-13,10352,1.659999967,1.940000057,3.410000086,0,19,32,195,676,2038,7.01000011,922
"250","2347167796",2016-04-14,10129,0.02,2.74000001,3.940000057,0,1,48,206,705,2010,6.700000066,960
"251","2347167796",2016-04-15,10465,0.07,1.419999957,5.429999828,0,1,24,284,720,2133,6.919999786,1029
"252","2347167796",2016-04-16,22244,5.449999809,4.099999905,5.53000021,0,66,72,268,968,2670,15.07999992,1374
"253","2347167796",2016-04-17,5472,0.079999998,0.280000001,3.25999999,0,1,7,249,508,1882,3.61999999,765
"254","2347167796",2016-04-18,8247,0.790000021,0.860000014,3.789999962,0,11,16,206,678,1944,5.439999998,911
"255","2347167796",2016-04-19,6711,0,0,4.440000057,0,0,7,382,648,2346,4.440000057,1037
"256","2347167796",2016-04-20,10999,0.680000007,1.809999943,4.78000021,0,11,43,269,1011,2198,7.27000016,1334
"257","2347167796",2016-04-21,10080,1.850000024,1.529999971,3.380000114,0,23,26,208,761,2048,6.76000011,1018
"258","2347167796",2016-04-22,7804,0.560000002,1.679999948,2.920000076,0,9,27,206,781,1946,5.160000026,1023
"259","2347167796",2016-04-23,16901,2.779999971,1.450000048,7.150000095,0,32,35,360,591,2629,11.38000011,1018
"260","2347167796",2016-04-24,9471,0,0,6.260000229,0,0,0,360,584,2187,6.260000229,944
"261","2347167796",2016-04-25,9482,1.269999981,0.519999981,4.599999905,0,15,11,277,653,2095,6.389999866,956
"262","2347167796",2016-04-26,5980,0,0,3.950000048,0,0,0,227,732,1861,3.950000048,959
"263","2347167796",2016-04-27,11423,1.860000014,0.400000006,5.320000172,0,26,9,295,623,2194,7.580000192,953
"264","2347167796",2016-04-28,5439,0,0,3.599999905,0,0,0,229,764,1854,3.599999905,993
"265","2347167796",2016-04-29,42,0,0,0.029999999,0,0,0,4,2,403,0.029999999,6
"266","2873212765",2016-04-12,8796,0.109999999,0.930000007,4.880000114,0,2,21,356,1061,1982,5.920000121,1440
"267","2873212765",2016-04-13,7618,0,0.219999999,4.880000114,0.02,0,8,404,1028,2004,5.120000113,1440
"268","2873212765",2016-04-14,7910,0,0,5.320000172,0,0,0,331,1109,1893,5.320000172,1440
"269","2873212765",2016-04-15,8482,0,0,5.690000057,0.01,0,0,448,992,2063,5.700000057,1440
"270","2873212765",2016-04-16,9685,3.109999895,0.02,3.50999999,0.01,47,1,305,1087,2148,6.649999885,1440
"271","2873212765",2016-04-17,2524,0,0.349999994,1.340000033,0,0,8,160,1272,1529,1.690000027,1440
"272","2873212765",2016-04-18,7762,0.07,0.280000001,4.889999866,0,1,6,311,1122,1890,5.239999868,1440
"273","2873212765",2016-04-19,7948,0,0,5.360000134,0,0,0,389,1051,1956,5.360000134,1440
"274","2873212765",2016-04-20,9202,1.50999999,0.119999997,4.659999847,0.01,22,5,378,1035,2094,6.299999835,1440
"275","2873212765",2016-04-21,8859,0.129999995,0.370000005,5.46999979,0.01,2,10,371,1057,1970,5.97999979,1440
"276","2873212765",2016-04-22,7286,0.460000008,0,4.420000076,0.02,46,0,366,1028,2241,4.900000084,1440
"277","2873212765",2016-04-23,9317,2.089999914,0.230000004,4.019999981,0.01,28,5,330,1077,2021,6.349999899,1440
"278","2873212765",2016-04-24,6873,3,0.059999999,1.620000005,0,46,1,190,1203,1898,4.680000003,1440
"279","2873212765",2016-04-25,7373,0,0,4.949999809,0,0,0,359,1081,1907,4.949999809,1440
"280","2873212765",2016-04-26,8242,0.119999997,0.180000007,5.239999771,0,2,5,309,1124,1882,5.539999776,1440
"281","2873212765",2016-04-27,3516,0,0,2.359999895,0,46,0,197,1197,1966,2.359999895,1440
"282","2873212765",2016-04-28,7913,2.160000086,0.340000004,2.910000086,0,28,7,213,1192,1835,5.410000175,1440
"283","2873212765",2016-04-29,7365,1.360000014,1.409999967,2.180000067,0,20,23,206,1191,1780,4.950000048,1440
"284","2873212765",2016-04-30,8452,0.330000013,1.080000043,4.260000229,0.01,5,20,248,1167,1830,5.680000285,1440
"285","2873212765",2016-05-01,7399,0.49000001,1.039999962,3.440000057,0,7,18,196,1219,1739,4.970000029,1440
"286","2873212765",2016-05-02,7525,0,0.209999993,4.829999924,0.02,0,7,334,1099,1878,5.059999917,1440
"287","2873212765",2016-05-03,7412,0.059999999,0.25,4.659999847,0.01,1,6,363,1070,1906,4.979999846,1440
"288","2873212765",2016-05-04,8278,0,0,5.559999943,0,0,0,420,1020,2015,5.559999943,1440
"289","2873212765",2016-05-05,8314,0.779999971,0.800000012,4.03000021,0,13,23,311,1093,1971,5.610000193,1440
"290","2873212765",2016-05-06,7063,0,0.119999997,4.610000134,0.01,0,5,370,1065,1910,4.740000131,1440
"291","2873212765",2016-05-07,4940,2.279999971,0.550000012,0.550000012,0,75,11,52,1302,1897,3.379999995,1440
"292","2873212765",2016-05-08,8168,2.900000095,0,2.640000105,0,46,0,326,1068,2096,5.5400002,1440
"293","2873212765",2016-05-09,7726,0,0,5.190000057,0,0,0,345,1095,1906,5.190000057,1440
"294","2873212765",2016-05-10,8275,0,0,5.550000191,0.01,0,0,373,1067,1962,5.560000191,1440
"295","2873212765",2016-05-11,6440,0,0,4.320000172,0.01,0,0,319,1121,1826,4.330000171,1440
"296","2873212765",2016-05-12,7566,0,0,5.110000134,0,0,0,268,720,1431,5.110000134,988
"297","3372868164",2016-04-12,4747,0,0,3.230000019,0.01,0,0,280,1160,1788,3.240000019,1440
"298","3372868164",2016-04-13,9715,0.99000001,0.340000004,5.269999981,0.02,16,8,371,1045,2093,6.619999994,1440
"299","3372868164",2016-04-14,8844,0.340000004,1.029999971,4.650000095,0.01,6,25,370,1039,2065,6.03000007,1440
"300","3372868164",2016-04-15,7451,0,0,5.059999943,0.02,0,0,335,1105,1908,5.079999942,1440
"301","3372868164",2016-04-16,6905,0,0,4.699999809,0.029999999,0,0,356,1084,1908,4.729999809,1440
"302","3372868164",2016-04-17,8199,1.409999967,0.100000001,4.360000134,0.01,11,2,322,1105,1964,5.880000101,1440
"303","3372868164",2016-04-18,6798,1.080000043,0.200000003,3.349999905,0,20,7,343,1070,2014,4.629999951,1440
"304","3372868164",2016-04-19,7711,0,0,5.239999771,0.02,0,0,376,1064,1985,5.259999771,1440
"305","3372868164",2016-04-20,4880,0.839999974,0.090000004,2.380000114,0.02,15,3,274,1148,1867,3.330000091,1440
"306","3372868164",2016-04-21,8857,1.149999976,0.25999999,4.639999866,0.01,18,9,376,1037,2124,6.059999833,1440
"307","3372868164",2016-04-22,3843,0,0,2.609999895,0.01,0,0,206,1234,1669,2.619999895,1440
"308","3372868164",2016-04-23,7396,1.399999976,0.079999998,3.579999924,0,20,2,303,1115,1995,5.059999898,1440
"309","3372868164",2016-04-24,6731,0.889999986,0.189999998,3.49000001,0.02,14,7,292,1127,1921,4.589999992,1440
"310","3372868164",2016-04-25,5995,0,0,4.090000153,0,0,0,416,1024,2010,4.090000153,1440
"311","3372868164",2016-04-26,8283,1.850000024,0.050000001,3.869999886,0.01,22,2,333,1083,2057,5.77999991,1440
"312","3372868164",2016-04-27,7904,1.580000043,0.629999995,3.190000057,0.01,24,13,346,1057,2095,5.410000095,1440
"313","3372868164",2016-04-28,5512,0,0,3.75999999,0,0,0,385,1055,1972,3.75999999,1440
"314","3372868164",2016-04-29,9135,0,0,6.21999979,0.01,0,0,402,1038,2044,6.22999979,1440
"315","3372868164",2016-04-30,5250,1.059999943,0.090000004,2.420000076,0.01,17,4,300,1119,1946,3.580000022,1440
"316","3372868164",2016-05-01,3077,0,0,2.089999914,0,0,0,172,842,1237,2.089999914,1014
"317","3977333714",2016-04-12,8856,3.059999943,0.910000026,2.00999999,0,44,19,131,777,1450,5.979999959,971
"318","3977333714",2016-04-13,10035,2.029999971,2.130000114,2.549999952,0,31,46,153,754,1495,6.710000038,984
"319","3977333714",2016-04-14,7641,0.319999993,0.970000029,3.819999933,0,5,23,214,801,1433,5.109999955,1043
"320","3977333714",2016-04-15,9010,1.049999952,1.75,3.25999999,0,15,42,183,644,1468,6.059999943,884
"321","3977333714",2016-04-16,13459,2.029999971,4,2.970000029,0,31,83,153,663,1625,9,930
"322","3977333714",2016-04-17,10415,0.699999988,2.349999905,3.920000076,0,11,58,205,600,1529,6.969999969,874
"323","3977333714",2016-04-18,11663,0.25,3.730000019,3.819999933,0,4,95,214,605,1584,7.799999952,918
"324","3977333714",2016-04-19,12414,2.24000001,2.450000048,3.960000038,0,19,67,221,738,1638,8.650000095,1045
"325","3977333714",2016-04-20,11658,0.200000003,4.349999905,3.279999971,0,2,98,164,845,1554,7.829999879,1109
"326","3977333714",2016-04-21,6093,0,0,4.059999943,0,0,0,242,712,1397,4.059999943,954
"327","3977333714",2016-04-22,8911,2.329999924,0.579999983,3.059999943,0,33,12,188,731,1481,5.96999985,964
"328","3977333714",2016-04-23,12058,0,4.21999979,3.849999905,0,0,92,252,724,1638,8.069999695,1068
"329","3977333714",2016-04-24,14112,3.269999981,4.559999943,2.170000076,0,30,95,129,660,1655,10,914
"330","3977333714",2016-04-25,11177,5.619999886,0.430000007,2.410000086,0,50,9,133,781,1570,8.459999979,973
"331","3977333714",2016-04-26,11388,0.449999988,4.21999979,2.950000048,0,7,95,170,797,1551,7.619999826,1069
"332","3977333714",2016-04-27,7193,0,0.419999987,4.619999886,0,0,10,176,714,1377,5.039999872,900
"333","3977333714",2016-04-28,7114,1.370000005,0.289999992,3.220000029,0,15,8,190,804,1407,4.880000025,1017
"334","3977333714",2016-04-29,10645,3.74000001,1.299999952,2.710000038,0,36,32,150,744,1545,7.75,962
"335","3977333714",2016-04-30,13238,3.690000057,2.099999905,3.410000086,0,43,52,194,687,1650,9.200000048,976
"336","3977333714",2016-05-01,10414,2.670000076,1.980000019,2.410000086,0,41,40,124,691,1501,7.060000181,896
"337","3977333714",2016-05-02,16520,1.539999962,6.480000019,3.019999981,0,24,143,176,713,1760,11.03999996,1056
"338","3977333714",2016-05-03,14335,3.319999933,1.74000001,4.53000021,0,47,41,258,594,1710,9.590000153,940
"339","3977333714",2016-05-04,13559,1.809999943,4.579999924,2.890000105,0,14,96,142,852,1628,9.279999971,1104
"340","3977333714",2016-05-05,12312,1.75999999,4.110000134,2.710000038,0,14,88,178,680,1618,8.580000162,960
"341","3977333714",2016-05-06,11677,3.109999895,2.50999999,2.670000076,0,29,55,168,676,1590,8.289999962,928
"342","3977333714",2016-05-07,11550,0,4.130000114,3.589999914,0,0,86,208,703,1574,7.720000029,997
"343","3977333714",2016-05-08,13585,0.680000007,5.239999771,3.170000076,0,9,116,171,688,1633,9.089999855,984
"344","3977333714",2016-05-09,14687,0.769999981,5.599999905,3.549999952,0,8,122,151,1159,1667,9.919999838,1440
"345","3977333714",2016-05-10,13072,0.07,5.400000095,3.309999943,0,1,115,196,676,1630,8.780000038,988
"346","3977333714",2016-05-11,746,0.370000005,0,0.129999995,0,4,0,9,13,52,0.5,26
"347","4020332650",2016-04-12,8539,0.150000006,0.239999995,5.679999828,0,4,15,331,712,3654,6.069999829,1062
"348","4020332650",2016-04-13,0,0,0,0,0,0,0,0,1440,1981,0,1440
"349","4020332650",2016-04-14,108,0,0,0.029999999,0,0,0,3,1437,2011,0.029999999,1440
"350","4020332650",2016-04-15,1882,0.209999993,0.360000014,0.769999981,0,36,18,87,1299,2951,1.339999989,1440
"351","4020332650",2016-04-16,1982,0.449999988,0.370000005,0.589999974,0,65,21,55,1222,3051,1.409999967,1363
"352","4020332650",2016-04-17,16,0,0,0.01,0,0,0,2,1438,1990,0.01,1440
"353","4020332650",2016-04-18,62,0,0,0.039999999,0,0,0,2,1438,1995,0.039999999,1440
"354","4020332650",2016-04-19,0,0,0,0,0,0,0,0,1440,1980,0,1440
"355","4020332650",2016-04-20,0,0,0,0,0,0,0,0,1440,1980,0,1440
"356","4020332650",2016-04-21,0,0,0,0,0,0,0,0,1440,1980,0,1440
"357","4020332650",2016-04-22,0,0,0,0,0,0,0,0,1440,1980,0,1440
"358","4020332650",2016-04-23,0,0,0,0,0,0,0,0,1440,1980,0,1440
"359","4020332650",2016-04-24,0,0,0,0,0,0,0,0,1440,1980,0,1440
"360","4020332650",2016-04-25,0,0,0,0,0,0,0,0,1440,1980,0,1440
"361","4020332650",2016-04-26,0,0,0,0,0,0,0,0,1440,1980,0,1440
"362","4020332650",2016-04-27,0,0,0,0,0,0,0,0,1440,1980,0,1440
"363","4020332650",2016-04-28,0,0,0,0,0,0,0,0,1440,1980,0,1440
"364","4020332650",2016-04-29,0,0,0,0,0,0,0,0,1440,1980,0,1440
"365","4020332650",2016-04-30,0,0,0,0,0,0,0,0,1440,1980,0,1440
"366","4020332650",2016-05-01,0,0,0,0,0,0,0,0,1440,1980,0,1440
"367","4020332650",2016-05-02,475,0,0.039999999,0.289999992,0,0,11,31,1350,2207,0.329999991,1392
"368","4020332650",2016-05-03,4496,0,0,3.150000095,0.050000001,0,0,174,950,2828,3.200000096,1124
"369","4020332650",2016-05-04,10252,0.670000017,1.039999962,5.579999924,0,13,46,346,531,3879,7.289999902,936
"370","4020332650",2016-05-05,11728,2.619999886,1.679999948,4.039999962,0.07,38,42,196,916,3429,8.409999795,1192
"371","4020332650",2016-05-06,4369,0,0,3.099999905,0.01,0,0,177,855,2704,3.109999904,1032
"372","4020332650",2016-05-07,6132,0,0,3.579999924,0,0,0,184,1256,2975,3.579999924,1440
"373","4020332650",2016-05-08,5862,0,0,4.150000095,0,0,0,263,775,3089,4.150000095,1038
"374","4020332650",2016-05-09,4556,0.200000003,0.119999997,2.940000057,0,3,5,173,1225,2785,3.260000058,1406
"375","4020332650",2016-05-10,5546,0,0,3.869999886,0.039999999,0,0,206,774,2926,3.909999885,980
"376","4020332650",2016-05-11,3689,0.109999999,0.170000002,2.329999924,0,2,8,134,1296,2645,2.609999925,1440
"377","4020332650",2016-05-12,590,0,0,0.409999996,0,0,0,21,721,1120,0.409999996,742
"378","4319703577",2016-04-12,7753,0,0,0,0,0,0,0,1440,2115,0,1440
"379","4319703577",2016-04-13,8204,0.529999971,0.589999974,1.309999943,0,8,15,96,1234,2135,2.429999888,1353
"380","4319703577",2016-04-14,10210,0.109999999,0.330000013,6.440000057,0,1,9,339,589,2302,6.88000007,938
"381","4319703577",2016-04-15,5664,0,0,3.799999952,0,0,0,228,752,1985,3.799999952,980
"382","4319703577",2016-04-16,4744,0,0,3.180000067,0,0,0,194,724,1884,3.180000067,918
"383","4319703577",2016-04-17,29,0,0,0.02,0,0,0,3,1363,1464,0.02,1366
"384","4319703577",2016-04-18,2276,0.07,0.330000013,1.120000005,0,1,9,58,824,1632,1.520000018,892
"385","4319703577",2016-04-19,8925,0,0,5.989999771,0,0,0,311,604,2200,5.989999771,915
"386","4319703577",2016-04-20,8954,0,0.680000007,5.309999943,0,0,18,306,671,2220,5.98999995,995
"387","4319703577",2016-04-21,3702,0,0,0.349999994,0,0,0,34,1265,1792,0.349999994,1299
"388","4319703577",2016-04-22,4500,0.059999999,0.810000002,2.150000095,0,1,19,176,709,1886,3.020000096,905
"389","4319703577",2016-04-23,4935,0,0,3.309999943,0,0,0,233,546,1945,3.309999943,779
"390","4319703577",2016-04-24,4081,0.059999999,0.200000003,2.470000029,0,1,5,191,692,1880,2.73000003,889
"391","4319703577",2016-04-25,9259,0,0.280000001,5.929999828,0,0,8,390,544,2314,6.20999983,942
"392","4319703577",2016-04-26,9899,0.569999993,0.920000017,5.150000095,0,8,21,288,649,2236,6.640000105,966
"393","4319703577",2016-04-27,10780,0.409999996,1.919999957,4.909999847,0,6,47,300,680,2324,7.239999801,1033
"394","4319703577",2016-04-28,10817,1.00999999,0.330000013,5.940000057,0,13,8,359,552,2367,7.280000061,932
"395","4319703577",2016-04-29,7990,0.449999988,0.790000021,4.119999886,0,6,18,289,624,2175,5.359999895,937
"396","4319703577",2016-04-30,8221,0.400000006,1.610000014,3.50999999,0,6,38,196,695,2092,5.520000011,935
"397","4319703577",2016-05-01,1251,0,0,0.839999974,0,0,0,67,836,1593,0.839999974,903
"398","4319703577",2016-05-02,9261,0,0.439999998,5.710000038,0,0,11,344,585,2270,6.150000036,940
"399","4319703577",2016-05-03,9648,0.579999983,1.070000052,4.829999924,0,8,26,287,669,2235,6.479999959,990
"400","4319703577",2016-05-04,10429,0.589999974,0.579999983,5.849999905,0,8,13,313,1106,2282,7.019999862,1440
"401","4319703577",2016-05-05,13658,2.630000114,1.409999967,5.449999809,0,27,34,328,957,2530,9.48999989,1346
"402","4319703577",2016-05-06,9524,0.409999996,0.469999999,5.460000038,0,6,11,314,692,2266,6.340000033,1023
"403","4319703577",2016-05-07,7937,0.189999998,1.049999952,4.079999924,0,3,28,279,586,2158,5.319999874,896
"404","4319703577",2016-05-08,3672,0,0,2.460000038,0,0,0,153,603,1792,2.460000038,756
"405","4319703577",2016-05-09,10378,0.140000001,0.560000002,6.25,0,2,14,374,490,2345,6.950000003,880
"406","4319703577",2016-05-10,9487,0.209999993,0.460000008,5.699999809,0,3,12,329,555,2260,6.369999811,899
"407","4319703577",2016-05-11,9129,0.200000003,0.74000001,5.179999828,0,3,18,311,574,2232,6.119999841,906
"408","4319703577",2016-05-12,17,0,0,0.01,0,0,0,2,0,257,0.01,2
"409","4388161847",2016-04-12,10122,0,0,0,0,0,0,0,1440,2955,0,1440
"410","4388161847",2016-04-13,10993,0.059999999,0.629999995,3.880000114,0,1,14,150,1275,3092,4.570000108,1440
"411","4388161847",2016-04-14,8863,0.129999995,1.070000052,5.619999886,0,10,35,219,945,2998,6.819999933,1209
"412","4388161847",2016-04-15,8758,0,0,6.730000019,0,0,0,299,837,3066,6.730000019,1136
"413","4388161847",2016-04-16,6580,0.209999993,0.400000006,4.449999809,0,6,9,253,609,3073,5.059999809,877
"414","4388161847",2016-04-17,4660,0,0,3.579999924,0,0,0,201,721,2572,3.579999924,922
"415","4388161847",2016-04-18,11009,3.559999943,0.400000006,5.139999866,0,27,8,239,1017,3274,9.099999815,1291
"416","4388161847",2016-04-19,10181,1.370000005,0.689999998,5.769999981,0,20,16,249,704,3015,7.829999983,989
"417","4388161847",2016-04-20,10553,1.100000024,1.720000029,5.289999962,0,19,42,228,696,3083,8.110000014,985
"418","4388161847",2016-04-21,10055,0.370000005,0.389999986,6.980000019,0,7,12,272,853,3069,7.74000001,1144
"419","4388161847",2016-04-22,12139,3.299999952,1.110000014,4.920000076,0,77,25,220,945,3544,9.330000043,1267
"420","4388161847",2016-04-23,13236,4.5,0.319999993,5.349999905,0,58,5,215,749,3306,10.1699999,1027
"421","4388161847",2016-04-24,10243,1.080000043,0.50999999,6.300000191,0,14,8,239,584,2885,7.890000224,845
"422","4388161847",2016-04-25,12961,0.730000019,1.399999976,7.840000153,0,11,31,301,1054,3288,9.970000148,1397
"423","4388161847",2016-04-26,9461,0.939999998,1.059999943,5.269999981,0,14,23,224,673,2929,7.269999921,934
"424","4388161847",2016-04-27,11193,0.699999988,2.50999999,5.389999866,0,11,48,241,684,3074,8.599999845,984
"425","4388161847",2016-04-28,10074,1.289999962,0.430000007,6.03000021,0,19,9,234,878,2969,7.750000179,1140
"426","4388161847",2016-04-29,9232,0.800000012,0.889999986,5.420000076,0,13,16,236,1175,2979,7.110000074,1440
"427","4388161847",2016-04-30,12533,0.699999988,2,6.940000057,0,14,43,300,537,3283,9.640000045,894
"428","4388161847",2016-05-01,10255,1.00999999,0.680000007,6.199999809,0,12,15,241,579,2926,7.889999807,847
"429","4388161847",2016-05-02,10096,3.769999981,0.079999998,4.550000191,0,33,4,204,935,3147,8.40000017,1176
"430","4388161847",2016-05-03,12727,1.129999995,0.779999971,7.880000114,0,18,18,306,984,3290,9.790000081,1326
"431","4388161847",2016-05-04,12375,2.789999962,0.930000007,5.800000191,0,35,21,251,632,3162,9.52000016,939
"432","4388161847",2016-05-05,9603,0.629999995,1.669999957,5.090000153,0,12,39,199,896,2899,7.390000105,1146
"433","4388161847",2016-05-06,13175,2.109999895,2.089999914,5.929999828,0,33,45,262,1100,3425,10.12999964,1440
"434","4388161847",2016-05-07,22770,9.449999809,2.769999981,5.329999924,0,120,56,260,508,4022,17.54999971,944
"435","4388161847",2016-05-08,17298,9.890000343,1.25999999,3.230000019,0,107,38,178,576,3934,14.38000035,899
"436","4388161847",2016-05-09,10218,0.340000004,0.730000019,6.789999962,0,6,19,258,1020,3013,7.859999985,1303
"437","4388161847",2016-05-10,10299,0.810000002,0.649999976,6.460000038,0,13,14,267,648,3061,7.920000017,942
"438","4388161847",2016-05-11,10201,0.529999971,0.790000021,6.53000021,0,8,18,256,858,2954,7.850000203,1140
"439","4388161847",2016-05-12,3369,0,0,2.589999914,0,0,0,108,825,1623,2.589999914,933
"440","4445114986",2016-04-12,3276,0,0,2.200000048,0,0,0,196,787,2113,2.200000048,983
"441","4445114986",2016-04-13,2961,0,0,1.99000001,0,0,0,194,840,2095,1.99000001,1034
"442","4445114986",2016-04-14,3974,0,0,2.670000076,0,0,0,231,717,2194,2.670000076,948
"443","4445114986",2016-04-15,7198,0,0,4.829999924,0,0,0,350,711,2496,4.829999924,1061
"444","4445114986",2016-04-16,3945,0,0,2.650000095,0,0,0,225,716,2180,2.650000095,941
"445","4445114986",2016-04-17,2268,0,0,1.519999981,0,0,0,114,1219,1933,1.519999981,1333
"446","4445114986",2016-04-18,6155,2,0.289999992,1.950000048,0,25,6,162,1247,2248,4.240000039,1440
"447","4445114986",2016-04-19,2064,0,0,1.389999986,0,0,0,121,895,1954,1.389999986,1016
"448","4445114986",2016-04-20,2072,0,0,1.389999986,0,0,0,137,841,1974,1.389999986,978
"449","4445114986",2016-04-21,3809,0,0,2.539999962,0,0,0,215,756,2150,2.539999962,971
"450","4445114986",2016-04-22,6831,0,0,4.579999924,0,0,0,317,706,2432,4.579999924,1023
"451","4445114986",2016-04-23,4363,0,0,2.930000067,0,0,0,201,1239,2149,2.930000067,1440
"452","4445114986",2016-04-24,5002,0,0,3.359999895,0,0,0,244,1196,2247,3.359999895,1440
"453","4445114986",2016-04-25,3385,0,0,2.269999981,0,0,0,179,916,2070,2.269999981,1095
"454","4445114986",2016-04-26,6326,2.410000086,0.039999999,1.960000038,0,29,1,180,839,2291,4.410000123,1049
"455","4445114986",2016-04-27,7243,2.619999886,0.029999999,2.380000114,0,32,1,194,839,2361,5.029999999,1066
"456","4445114986",2016-04-28,4493,0,0,3.00999999,0,0,0,236,762,2203,3.00999999,998
"457","4445114986",2016-04-29,4676,0,0,3.130000114,0,0,0,226,1106,2196,3.130000114,1332
"458","4445114986",2016-04-30,6222,0,0,4.179999828,0,0,0,290,797,2363,4.179999828,1087
"459","4445114986",2016-05-01,5232,0,0,3.50999999,0,0,0,240,741,2246,3.50999999,981
"460","4445114986",2016-05-02,6910,2.210000038,0.189999998,2.349999905,0,27,4,200,667,2336,4.74999994,898
"461","4445114986",2016-05-03,7502,2.480000019,0.109999999,2.579999924,0,30,2,233,725,2421,5.169999942,990
"462","4445114986",2016-05-04,2923,0,0,1.960000038,0,0,0,180,897,2070,1.960000038,1077
"463","4445114986",2016-05-05,3800,0.119999997,0.239999995,2.180000067,0,2,6,185,734,2120,2.540000059,927
"464","4445114986",2016-05-06,4514,0,0,3.029999971,0,0,0,229,809,2211,3.029999971,1038
"465","4445114986",2016-05-07,5183,2.130000114,0.189999998,1.25,0,26,4,108,866,2123,3.570000112,1004
"466","4445114986",2016-05-08,7303,0,0.25,4.650000095,0,0,8,308,733,2423,4.900000095,1049
"467","4445114986",2016-05-09,5275,0,0,3.539999962,0,0,0,266,641,2281,3.539999962,907
"468","4445114986",2016-05-10,3915,0,0,2.630000114,0,0,0,231,783,2181,2.630000114,1014
"469","4445114986",2016-05-11,9105,2.25,1,2.859999895,0,34,22,232,622,2499,6.109999895,910
"470","4445114986",2016-05-12,768,0,0,0.519999981,0,0,0,58,380,1212,0.519999981,438
"471","4558609924",2016-04-12,5135,0,0,3.390000105,0,0,0,318,1122,1909,3.390000105,1440
"472","4558609924",2016-04-13,4978,1.24000001,0.439999998,1.610000014,0,19,7,127,1287,1722,3.290000021,1440
"473","4558609924",2016-04-14,6799,0,0,4.489999771,0,0,0,279,1161,1922,4.489999771,1440
"474","4558609924",2016-04-15,7795,0.589999974,0.839999974,3.730000019,0,17,30,262,1131,2121,5.159999967,1440
"475","4558609924",2016-04-16,7289,0.550000012,0.75,3.5,0,8,12,308,1112,1997,4.800000012,1440
"476","4558609924",2016-04-17,9634,0.550000012,1.139999986,4.710000038,0,7,19,304,1110,2117,6.400000036,1440
"477","4558609924",2016-04-18,8940,0.980000019,0.930000007,4,0,14,15,331,1080,2116,5.910000026,1440
"478","4558609924",2016-04-19,5401,0.050000001,0.360000014,3.160000086,0,1,9,248,1182,1876,3.570000101,1440
"479","4558609924",2016-04-20,4803,0,0,3.170000076,0,0,0,222,1218,1788,3.170000076,1440
"480","4558609924",2016-04-21,13743,0.419999987,0.970000029,7.699999809,0,6,21,432,844,2486,9.089999825,1303
"481","4558609924",2016-04-22,9601,1.370000005,1.5,3.470000029,0,20,25,273,1122,2094,6.340000033,1440
"482","4558609924",2016-04-23,6890,0.340000004,0.200000003,4.010000229,0,5,5,308,1122,2085,4.550000235,1440
"483","4558609924",2016-04-24,8563,0,0,5.650000095,0,0,0,395,1045,2173,5.650000095,1440
"484","4558609924",2016-04-25,8095,0.589999974,0.25,4.510000229,0,18,10,340,993,2225,5.350000203,1361
"485","4558609924",2016-04-26,9148,0.430000007,2.029999971,3.589999914,0,12,41,283,1062,2223,6.049999893,1398
"486","4558609924",2016-04-27,9557,1.960000038,0.889999986,3.460000038,0,27,14,312,1087,2098,6.310000062,1440
"487","4558609924",2016-04-28,9451,0.02,0.270000011,5.949999809,0,1,11,367,985,2185,6.23999982,1364
"488","4558609924",2016-04-29,7833,1.019999981,1.850000024,2.309999943,0,15,29,197,1096,1918,5.179999948,1337
"489","4558609924",2016-04-30,10319,0.469999999,1.889999986,4.460000038,0,7,29,293,1111,2105,6.820000023,1440
"490","4558609924",2016-05-01,3428,0,0,2.269999981,0,0,0,190,1121,1692,2.269999981,1311
"491","4558609924",2016-05-02,7891,0,0,5.21999979,0,0,0,383,1057,2066,5.21999979,1440
"492","4558609924",2016-05-03,5267,0.600000024,0.280000001,2.599999905,0,21,10,237,1172,1953,3.47999993,1440
"493","4558609924",2016-05-04,5232,0,0,3.460000038,0,0,0,252,1188,1842,3.460000038,1440
"494","4558609924",2016-05-05,10611,1.00999999,0.5,5.510000229,0,14,8,370,1048,2262,7.020000219,1440
"495","4558609924",2016-05-06,3755,0,0,2.480000019,0,0,0,202,1238,1722,2.480000019,1440
"496","4558609924",2016-05-07,8237,1.610000014,1,2.829999924,0,23,16,233,1116,1973,5.439999938,1388
"497","4558609924",2016-05-08,6543,1.799999952,0.5,2.019999981,0,66,35,238,1019,2666,4.319999933,1358
"498","4558609924",2016-05-09,11451,0.430000007,1.620000005,5.519999981,0,6,30,339,1065,2223,7.569999993,1440
"499","4558609924",2016-05-10,6435,0.74000001,1.120000005,2.390000105,0,11,18,220,1191,1889,4.250000119,1440
"500","4558609924",2016-05-11,9108,0.25999999,1.820000052,3.940000057,0,4,31,324,1081,2131,6.0200001,1440
"501","4558609924",2016-05-12,6307,0,0,4.170000076,0,0,0,247,736,1452,4.170000076,983
"502","4702921684",2016-04-12,7213,0,0,5.849999905,0,0,0,263,718,2947,5.849999905,981
"503","4702921684",2016-04-13,6877,0,0,5.579999924,0,0,0,258,777,2898,5.579999924,1035
"504","4702921684",2016-04-14,7860,0,0,6.369999886,0,0,0,271,772,2984,6.369999886,1043
"505","4702921684",2016-04-15,6506,0.07,0.419999987,4.789999962,0,1,8,256,944,2896,5.279999949,1209
"506","4702921684",2016-04-16,11140,0.239999995,1.25,7.539999962,0,3,24,335,556,3328,9.029999956,918
"507","4702921684",2016-04-17,12692,0.959999979,3.460000038,5.880000114,0,12,66,302,437,3394,10.30000013,817
"508","4702921684",2016-04-18,9105,1.820000052,1.49000001,4.070000172,0,22,30,191,890,3013,7.380000234,1133
"509","4702921684",2016-04-19,6708,0.879999995,0.370000005,4.190000057,0,10,8,179,757,2812,5.440000057,954
"510","4702921684",2016-04-20,8793,0.159999996,1.230000019,5.730000019,0,2,29,260,717,3061,7.120000035,1008
"511","4702921684",2016-04-21,6530,0.310000002,2.049999952,2.940000057,0,4,41,144,901,2729,5.300000012,1090
"512","4702921684",2016-04-22,1664,0,0,1.350000024,0,0,0,72,1341,2241,1.350000024,1413
"513","4702921684",2016-04-23,15126,0.75999999,3.24000001,8.270000458,0,9,66,408,469,3691,12.27000046,952
"514","4702921684",2016-04-24,15050,1.200000048,5.119999886,5.880000114,0,15,95,281,542,3538,12.20000005,933
"515","4702921684",2016-04-25,9167,0.49000001,0.819999993,6.110000134,0,6,15,270,730,3064,7.420000136,1021
"516","4702921684",2016-04-26,6108,0.07,0.349999994,4.539999962,0,1,8,216,765,2784,4.959999956,990
"517","4702921684",2016-04-27,7047,0.090000004,0.800000012,4.78000021,0,1,16,238,733,2908,5.670000225,988
"518","4702921684",2016-04-28,9023,1.129999995,0.419999987,5.769999981,0,14,9,232,738,3033,7.319999963,993
"519","4702921684",2016-04-29,9930,1.059999943,0.920000017,6.070000172,0,12,19,267,692,3165,8.050000131,990
"520","4702921684",2016-04-30,10144,0.319999993,2.029999971,5.880000114,0,4,36,263,728,3115,8.230000079,1031
"521","4702921684",2016-05-01,0,0,0,0,0,0,0,0,1440,2017,0,1440
"522","4702921684",2016-05-02,7245,0.379999995,1.74000001,3.75999999,0,5,40,195,1131,2859,5.879999995,1371
"523","4702921684",2016-05-03,9454,0,0,7.670000076,0,0,0,313,729,3145,7.670000076,1042
"524","4702921684",2016-05-04,8161,0.340000004,0.730000019,5.539999962,0,4,15,251,757,3004,6.609999985,1027
"525","4702921684",2016-05-05,8614,0.670000017,0.219999999,6.090000153,0,8,5,241,745,3006,6.980000168,999
"526","4702921684",2016-05-06,6943,0.079999998,0.660000026,4.869999886,0,1,16,207,682,2859,5.60999991,906
"527","4702921684",2016-05-07,14370,0.370000005,2.309999943,8.970000267,0,5,46,439,577,3683,11.65000021,1067
"528","4702921684",2016-05-08,12857,0.680000007,6.210000038,3.539999962,0,9,125,192,1019,3287,10.43000001,1345
"529","4702921684",2016-05-09,8232,0,0.569999993,6.099999905,0,0,12,253,746,2990,6.669999897,1011
"530","4702921684",2016-05-10,10613,0.079999998,1.879999995,6.650000095,0,1,37,262,701,3172,8.610000089,1001
"531","4702921684",2016-05-11,9810,0.779999971,2.160000086,4.980000019,0,10,41,235,784,3069,7.920000076,1070
"532","4702921684",2016-05-12,2752,0,0,2.230000019,0,0,0,68,241,1240,2.230000019,309
"533","5553957443",2016-04-12,11596,1.370000005,0.790000021,5.409999847,0,19,13,277,767,2026,7.569999874,1076
"534","5553957443",2016-04-13,4832,0,0,3.160000086,0,0,0,226,647,1718,3.160000086,873
"535","5553957443",2016-04-14,17022,4,2.450000048,4.670000076,0,61,41,256,693,2324,11.12000012,1051
"536","5553957443",2016-04-15,16556,4.159999847,1.980000019,4.710000038,0,58,38,239,689,2254,10.8499999,1024
"537","5553957443",2016-04-16,5771,0,0,3.769999981,0,0,0,288,521,1831,3.769999981,809
"538","5553957443",2016-04-17,655,0,0,0.430000007,0,0,0,46,943,1397,0.430000007,989
"539","5553957443",2016-04-18,3727,0,0,2.430000067,0,0,0,206,622,1683,2.430000067,828
"540","5553957443",2016-04-19,15482,4.28000021,1.659999967,4.179999828,0,69,28,249,756,2284,10.12,1102
"541","5553957443",2016-04-20,2713,0,0,1.769999981,0,0,0,148,598,1570,1.769999981,746
"542","5553957443",2016-04-21,12346,2.950000048,2.160000086,2.960000038,0,47,42,177,801,2066,8.070000172,1067
"543","5553957443",2016-04-22,11682,1.379999995,0.629999995,5.599999905,0,25,16,270,781,2105,7.609999895,1092
"544","5553957443",2016-04-23,4112,0,0,2.680000067,0,0,0,272,443,1776,2.680000067,715
"545","5553957443",2016-04-24,1807,0,0,1.179999948,0,0,0,104,582,1507,1.179999948,686
"546","5553957443",2016-04-25,10946,2.930000067,0.569999993,3.690000057,0,51,11,201,732,2033,7.190000117,995
"547","5553957443",2016-04-26,11886,2.369999886,0.930000007,4.460000038,0,40,18,238,750,2093,7.759999931,1046
"548","5553957443",2016-04-27,10538,1.139999986,1,4.739999771,0,16,16,206,745,1922,6.879999757,983
"549","5553957443",2016-04-28,11393,3.710000038,0.75,3.170000076,0,49,13,165,727,1999,7.630000114,954
"550","5553957443",2016-04-29,12764,2.789999962,0.639999986,4.909999847,0,46,15,270,709,2169,8.339999795,1040
"551","5553957443",2016-04-30,1202,0,0,0.779999971,0,0,0,84,506,1463,0.779999971,590
"552","5553957443",2016-05-01,5164,0,0,3.369999886,0,0,0,237,436,1747,3.369999886,673
"553","5553957443",2016-05-02,9769,1.059999943,0.409999996,4.900000095,0,23,9,227,724,1996,6.370000035,983
"554","5553957443",2016-05-03,12848,1.5,1.200000048,5.679999828,0,26,29,247,812,2116,8.379999876,1114
"555","5553957443",2016-05-04,4249,0,0,2.769999981,0,0,0,224,651,1698,2.769999981,875
"556","5553957443",2016-05-05,14331,3.430000067,1.659999967,4.429999828,0,44,29,241,692,2156,9.519999862,1006
"557","5553957443",2016-05-06,9632,1.519999981,0.540000021,4.230000019,0,21,9,229,761,1916,6.290000021,1020
"558","5553957443",2016-05-07,1868,0,0,1.220000029,0,0,0,96,902,1494,1.220000029,998
"559","5553957443",2016-05-08,6083,0.219999999,0.469999999,3.299999952,0,3,8,210,505,1762,3.98999995,726
"560","5553957443",2016-05-09,11611,2.130000114,0.889999986,4.559999943,0,59,22,251,667,2272,7.580000043,999
"561","5553957443",2016-05-10,16358,3.869999886,1.610000014,5.199999809,0,61,40,265,707,2335,10.67999971,1073
"562","5553957443",2016-05-11,4926,0,0,3.220000029,0,0,0,195,628,1693,3.220000029,823
"563","5553957443",2016-05-12,3121,0.579999983,0.400000006,1.059999943,0,8,6,48,222,741,2.039999932,284
"564","5577150313",2016-04-12,8135,3.599999905,0.379999995,2.099999905,0,86,16,140,728,3405,6.079999804,970
"565","5577150313",2016-04-13,5077,0.319999993,0.219999999,3.25,0,15,11,144,776,2551,3.789999992,946
"566","5577150313",2016-04-14,8596,3.329999924,0.310000002,2.779999971,0,118,30,176,662,4022,6.419999897,986
"567","5577150313",2016-04-15,12087,3.920000076,1.600000024,3.559999943,0,115,54,199,695,4005,9.080000043,1063
"568","5577150313",2016-04-16,14269,6.639999866,1.279999971,2.730000019,0,184,56,158,472,4274,10.64999986,870
"569","5577150313",2016-04-17,12231,5.980000019,0.829999983,2.319999933,0,200,37,159,525,4552,9.129999936,921
"570","5577150313",2016-04-18,9893,4.860000134,0.720000029,1.820000052,0,114,32,130,623,3625,7.400000215,899
"571","5577150313",2016-04-19,12574,7.019999981,0.639999986,1.75999999,0,108,23,111,733,3501,9.419999957,975
"572","5577150313",2016-04-20,8330,4.119999886,0.340000004,1.75999999,0,87,16,113,773,3192,6.21999988,989
"573","5577150313",2016-04-21,10830,3.650000095,1.659999967,2.779999971,0,110,74,175,670,4018,8.090000033,1029
"574","5577150313",2016-04-22,9172,2.420000076,0.790000021,3.299999952,0,62,30,200,823,3329,6.51000005,1115
"575","5577150313",2016-04-23,7638,1.210000038,0.360000014,4.139999866,0,24,24,223,627,3152,5.709999919,898
"576","5577150313",2016-04-24,15764,7.650000095,2.150000095,1.980000019,0,210,65,141,425,4392,11.78000021,841
"577","5577150313",2016-04-25,6393,1.350000024,0.670000017,2.75999999,0,61,38,214,743,3374,4.780000031,1056
"578","5577150313",2016-04-26,5325,0.850000024,0.649999976,2.470000029,0,38,32,181,759,3088,3.970000029,1010
"579","5577150313",2016-04-27,6805,1.809999943,0.400000006,2.930000067,0,63,16,190,773,3294,5.140000015,1042
"580","5577150313",2016-04-28,9841,3.25,1.169999957,3.00999999,0,99,51,141,692,3580,7.429999948,983
"581","5577150313",2016-04-29,7924,2.839999914,0.610000014,2.470000029,0,97,36,165,739,3544,5.919999957,1037
"582","5577150313",2016-04-30,12363,5.829999924,0.790000021,2.609999895,0,207,45,163,621,4501,9.22999984,1036
"583","5577150313",2016-05-01,13368,5.309999943,1.440000057,3.24000001,0,194,72,178,499,4546,9.99000001,943
"584","5577150313",2016-05-02,7439,1.120000005,0.349999994,4.070000172,0,37,20,235,732,3014,5.54000017,1024
"585","5577150313",2016-05-03,11045,4.519999981,0.150000006,3.569999933,0,97,8,212,580,3795,8.23999992,897
"586","5577150313",2016-05-04,5206,1.559999943,0.25,2.079999924,0,25,9,141,631,2755,3.889999866,806
"587","5577150313",2016-05-05,7550,2.5,0.469999999,2.670000076,0,45,21,143,1153,3004,5.640000075,1362
"588","5577150313",2016-05-06,4950,1.929999948,0.319999993,1.450000048,0,41,16,79,1304,2643,3.699999988,1440
"589","5577150313",2016-05-07,0,0,0,0,0,0,0,0,1440,1819,0,1440
"590","5577150313",2016-05-08,0,0,0,0,0,0,0,0,1440,1819,0,1440
"591","5577150313",2016-05-09,3421,1.429999948,0.140000001,0.99000001,0,34,11,70,1099,2489,2.559999958,1214
"592","5577150313",2016-05-10,8869,2.559999943,0.75,3.349999905,0,104,37,194,639,3841,6.659999847,974
"593","5577150313",2016-05-11,4038,1.830000043,0.300000012,0.889999986,0,45,15,63,257,1665,3.020000041,380
"594","6117666160",2016-04-12,0,0,0,0,0,0,0,0,1440,1496,0,1440
"595","6117666160",2016-04-13,0,0,0,0,0,0,0,0,1440,1496,0,1440
"596","6117666160",2016-04-14,0,0,0,0,0,0,0,0,1440,1496,0,1440
"597","6117666160",2016-04-15,14019,0,0.280000001,10.30000019,0,0,6,513,921,2865,10.58000019,1440
"598","6117666160",2016-04-16,14450,0.579999983,0.850000024,9.479999542,0,7,15,518,502,2828,10.90999955,1042
"599","6117666160",2016-04-17,7150,0,0,5.400000095,0,0,0,312,702,2225,5.400000095,1014
"600","6117666160",2016-04-18,5153,0,0,3.890000105,0,0,0,241,759,2018,3.890000105,1000
"601","6117666160",2016-04-19,11135,0,0,8.409999847,0,0,0,480,425,2606,8.409999847,905
"602","6117666160",2016-04-20,10449,2.029999971,0.479999989,5.519999981,0,26,10,349,587,2536,8.029999942,972
"603","6117666160",2016-04-21,19542,0.980000019,0.400000006,5.619999886,0,11,19,294,579,4900,6.999999911,903
"604","6117666160",2016-04-22,8206,0,0,6.199999809,0,0,0,402,413,2409,6.199999809,815
"605","6117666160",2016-04-23,11495,0,0,8.680000305,0,0,0,512,468,2651,8.680000305,980
"606","6117666160",2016-04-24,7623,0,0,5.760000229,0,0,0,362,711,2305,5.760000229,1073
"607","6117666160",2016-04-25,0,0,0,0,0,0,0,0,1440,1497,0,1440
"608","6117666160",2016-04-26,9543,0,0.340000004,6.869999886,0,0,7,352,1077,2450,7.209999889,1436
"609","6117666160",2016-04-27,9411,0,0,7.110000134,0,0,0,458,417,2576,7.110000134,875
"610","6117666160",2016-04-28,3403,0,0,2.599999905,0,0,0,141,758,1879,2.599999905,899
"611","6117666160",2016-04-29,9592,0,0,7.239999771,0,0,0,461,479,2560,7.239999771,940
"612","6117666160",2016-04-30,6987,0,0,5.28000021,0,0,0,343,1040,2275,5.28000021,1383
"613","6117666160",2016-05-01,8915,0,0,6.730000019,0,0,0,397,525,2361,6.730000019,922
"614","6117666160",2016-05-02,4933,0,0,3.730000019,0,0,0,236,1204,2044,3.730000019,1440
"615","6117666160",2016-05-03,0,0,0,0,0,0,0,0,1440,1496,0,1440
"616","6117666160",2016-05-04,2997,0,0,2.25999999,0,0,0,156,1279,1902,2.25999999,1435
"617","6117666160",2016-05-05,9799,0,0,7.400000095,0,0,0,487,479,2636,7.400000095,966
"618","6117666160",2016-05-06,3365,0,0,2.680000067,0,0,0,133,673,1838,2.680000067,806
"619","6117666160",2016-05-07,7336,0,0,5.539999962,0,0,0,412,456,2469,5.539999962,868
"620","6117666160",2016-05-08,7328,0,0,5.53000021,0,0,0,318,517,2250,5.53000021,835
"621","6117666160",2016-05-09,4477,0,0,3.380000114,0,0,0,197,125,1248,3.380000114,322
"622","6290855005",2016-04-12,4562,0,0,3.450000048,0,0,0,199,1241,2560,3.450000048,1440
"623","6290855005",2016-04-13,7142,0,0,5.389999866,0.01,0,0,350,1090,2905,5.399999866,1440
"624","6290855005",2016-04-14,7671,0,0,5.769999981,0.029999999,0,0,363,1077,2952,5.79999998,1440
"625","6290855005",2016-04-15,9501,0,0,7.170000076,0.01,0,0,328,1112,2896,7.180000076,1440
"626","6290855005",2016-04-16,8301,0,0,6.269999981,0.01,0,0,258,1182,2783,6.279999981,1440
"627","6290855005",2016-04-17,7851,1.139999986,0.790000021,4,0,31,12,225,1172,3171,5.930000007,1440
"628","6290855005",2016-04-18,6885,0,0,5.190000057,0.02,0,0,271,1169,2766,5.210000057,1440
"629","6290855005",2016-04-19,7142,0,0,5.389999866,0.01,0,0,321,1119,2839,5.399999866,1440
"630","6290855005",2016-04-20,6361,0,0,4.800000191,0.01,0,0,258,1182,2701,4.810000191,1440
"631","6290855005",2016-04-21,0,0,0,0,0,0,0,0,1440,2060,0,1440
"632","6290855005",2016-04-22,6238,0,0,4.71999979,0,0,0,302,1138,2796,4.71999979,1440
"633","6290855005",2016-04-23,0,0,0,0,0,33,0,0,1407,2664,0,1440
"634","6290855005",2016-04-24,5896,0,0,4.460000038,0,0,0,258,1182,2703,4.460000038,1440
"635","6290855005",2016-04-25,7802,0.680000007,0.180000007,5.03000021,0.01,8,3,249,1180,2771,5.900000224,1440
"636","6290855005",2016-04-26,0,0,0,0,0,0,0,0,1440,2060,0,1440
"637","6290855005",2016-04-27,5565,0,0,4.179999828,0.029999999,0,0,287,1153,2743,4.209999828,1440
"638","6290855005",2016-04-28,5731,0,0,4.329999924,0,0,0,255,1185,2687,4.329999924,1440
"639","6290855005",2016-04-29,0,0,0,0,0,0,0,0,1440,2060,0,1440
"640","6290855005",2016-04-30,6744,0,0,5.090000153,0.01,0,0,324,1116,2843,5.100000152,1440
"641","6290855005",2016-05-01,9837,0.660000026,2.75,4,0.02,8,95,282,1055,3327,7.430000026,1440
"642","6290855005",2016-05-02,6781,0,0,5.110000134,0.02,0,0,268,1172,2725,5.130000133,1440
"643","6290855005",2016-05-03,6047,0,0,4.570000172,0,0,0,240,1200,2671,4.570000172,1440
"644","6290855005",2016-05-04,5832,0,0,4.400000095,0.01,0,0,272,1168,2718,4.410000095,1440
"645","6290855005",2016-05-05,6339,0,0,4.789999962,0,0,0,239,1201,2682,4.789999962,1440
"646","6290855005",2016-05-06,6116,0,0,4.590000153,0.029999999,0,0,305,1135,2806,4.620000152,1440
"647","6290855005",2016-05-07,5510,0,0,4.159999847,0,0,0,227,1213,2613,4.159999847,1440
"648","6290855005",2016-05-08,7706,0,0,5.820000172,0,0,0,251,1189,2712,5.820000172,1440
"649","6290855005",2016-05-09,6277,0,0,4.730000019,0.02,0,0,264,800,2175,4.750000019,1064
"650","6290855005",2016-05-10,0,0,0,0,0,0,0,0,1440,0,0,1440
"651","6775888955",2016-04-12,0,0,0,0,0,0,0,0,1440,1841,0,1440
"652","6775888955",2016-04-13,4053,1.110000014,0.579999983,1.220000029,0,17,18,85,1053,2400,2.910000026,1173
"653","6775888955",2016-04-14,5162,0.870000005,0.860000014,1.970000029,0,14,24,105,863,2507,3.700000048,1006
"654","6775888955",2016-04-15,1282,0,0,0.920000017,0,0,0,58,976,2127,0.920000017,1034
"655","6775888955",2016-04-16,4732,2.519999981,0.810000002,0.059999999,0,36,18,9,1377,2225,3.389999982,1440
"656","6775888955",2016-04-17,2497,0.349999994,1.129999995,0.310000002,0,5,24,19,1392,2067,1.789999992,1440
"657","6775888955",2016-04-18,8294,2,0.769999981,3.170000076,0,30,31,146,1233,2798,5.940000057,1440
"658","6775888955",2016-04-19,0,0,0,0,0,0,0,0,1440,1841,0,1440
"659","6775888955",2016-04-20,10771,3.769999981,1.74000001,2.220000029,0,70,113,178,1079,3727,7.730000019,1440
"660","6775888955",2016-04-21,0,0,0,0,0,0,0,0,1440,1841,0,1440
"661","6775888955",2016-04-22,637,0,0,0.460000008,0,0,0,20,1420,1922,0.460000008,1440
"662","6775888955",2016-04-23,0,0,0,0,0,0,0,0,1440,1841,0,1440
"663","6775888955",2016-04-24,2153,0.769999981,0.620000005,0.150000006,0,11,18,11,1400,2053,1.539999992,1440
"664","6775888955",2016-04-25,6474,2.269999981,0.460000008,1.899999976,0,33,13,92,1302,2484,4.629999965,1440
"665","6775888955",2016-04-26,7091,3.480000019,0.870000005,0.730000019,0,42,30,47,1321,2584,5.080000043,1440
"666","6775888955",2016-04-27,0,0,0,0,0,0,0,0,1440,1841,0,1440
"667","6775888955",2016-04-28,703,0.059999999,0.200000003,0.239999995,0,2,13,15,1410,1993,0.499999996,1440
"668","6775888955",2016-04-29,0,0,0,0,0,0,0,0,1440,1841,0,1440
"669","6775888955",2016-04-30,2503,0.159999996,0.159999996,1.480000019,0,3,9,84,1344,2280,1.800000012,1440
"670","6775888955",2016-05-01,2487,0.479999989,0.620000005,0.680000007,0,9,34,50,1347,2319,1.780000001,1440
"671","6775888955",2016-05-02,0,0,0,0,0,0,0,0,1440,1841,0,1440
"672","6775888955",2016-05-03,9,0,0,0.01,0,0,0,1,1439,1843,0.01,1440
"673","6775888955",2016-05-04,0,0,0,0,0,0,0,0,1440,1841,0,1440
"674","6775888955",2016-05-05,0,0,0,0,0,0,0,0,1440,1841,0,1440
"675","6775888955",2016-05-06,4697,0.469999999,0.930000007,1.929999948,0,12,35,75,1318,2496,3.329999954,1440
"676","6775888955",2016-05-07,1967,0.129999995,0.239999995,1.049999952,0,2,5,49,551,1032,1.419999942,607
"677","6962181067",2016-04-12,10199,3.400000095,0.829999983,2.50999999,0,50,14,189,796,1994,6.740000069,1049
"678","6962181067",2016-04-13,5652,0.569999993,1.210000038,1.960000038,0,8,24,142,548,1718,3.740000069,722
"679","6962181067",2016-04-14,1551,0,0,1.029999971,0,0,0,86,862,1466,1.029999971,948
"680","6962181067",2016-04-15,5563,0,0,3.680000067,0,0,0,217,837,1756,3.680000067,1054
"681","6962181067",2016-04-16,13217,3.660000086,0.189999998,4.880000114,0,50,3,280,741,2173,8.730000198,1074
"682","6962181067",2016-04-17,10145,0.330000013,0.680000007,5.690000057,0,5,13,295,634,2027,6.700000077,947
"683","6962181067",2016-04-18,11404,0.829999983,2.390000105,4.320000172,0,13,42,238,689,2039,7.54000026,982
"684","6962181067",2016-04-19,10742,2.099999905,2.130000114,2.869999886,0,35,41,195,659,2046,7.099999905,930
"685","6962181067",2016-04-20,13928,4.28000021,0.189999998,5.090000153,0,48,4,297,639,2174,9.56000036,988
"686","6962181067",2016-04-21,11835,3.99000001,2.099999905,3.50999999,0.109999999,53,27,214,708,2179,9.709999904,1002
"687","6962181067",2016-04-22,10725,1.769999981,1.549999952,3.769999981,0,30,33,240,659,2086,7.089999914,962
"688","6962181067",2016-04-23,20031,4.199999809,2,7.039999962,0,58,41,347,484,2571,13.23999977,930
"689","6962181067",2016-04-24,5029,0,0,3.319999933,0,0,0,199,720,1705,3.319999933,919
"690","6962181067",2016-04-25,13239,3.019999981,1.679999948,4.460000038,0.100000001,35,31,282,637,2194,9.259999968,985
"691","6962181067",2016-04-26,10433,2.579999924,0.419999987,3.900000095,0,36,7,254,680,2012,6.900000006,977
"692","6962181067",2016-04-27,10320,0.550000012,2.019999981,4.25,0,7,38,279,697,2034,6.819999993,1021
"693","6962181067",2016-04-28,12627,2.50999999,0.239999995,5.590000153,0,38,8,288,621,2182,8.340000138,955
"694","6962181067",2016-04-29,10762,0.819999993,0.479999989,5.809999943,0,12,15,369,645,2254,7.109999925,1041
"695","6962181067",2016-04-30,10081,2.24000001,0.75999999,3.670000076,0,32,16,237,731,2002,6.670000076,1016
"696","6962181067",2016-05-01,5454,0,0,3.609999895,0,0,0,215,722,1740,3.609999895,937
"697","6962181067",2016-05-02,12912,1.200000048,2,5.340000153,0,18,39,313,655,2162,8.5400002,1025
"698","6962181067",2016-05-03,12109,1.74000001,2.039999962,4.329999924,0,21,36,267,654,2072,8.109999895,978
"699","6962181067",2016-05-04,10147,0.469999999,1.679999948,4.550000191,0,15,36,284,683,2086,6.700000137,1018
"700","6962181067",2016-05-05,10524,0.99000001,1.159999967,4.809999943,0,14,22,305,591,2066,6.959999919,932
"701","6962181067",2016-05-06,5908,0,0,3.910000086,0,0,0,299,717,1850,3.910000086,1016
"702","6962181067",2016-05-07,6815,0,0,4.5,0,0,0,328,745,1947,4.5,1073
"703","6962181067",2016-05-08,4188,0,0.519999981,2.25,0,0,14,151,709,1659,2.769999981,874
"704","6962181067",2016-05-09,12342,3.900000095,1.179999948,3.650000095,0,43,21,231,607,2105,8.730000138,902
"705","6962181067",2016-05-10,15448,3.470000029,1.75,4.989999771,0,62,34,275,626,2361,10.2099998,997
"706","6962181067",2016-05-11,6722,1.49000001,0.310000002,2.650000095,0,24,7,199,709,1855,4.450000107,939
"707","6962181067",2016-05-12,3587,0,0.25,2.109999895,0,0,8,105,127,928,2.359999895,240
"708","7007744171",2016-04-12,14172,4.5,0.379999995,5.409999847,0,53,8,355,1024,2937,10.28999984,1440
"709","7007744171",2016-04-13,12862,4.610000134,0.560000002,4.480000019,0,56,22,261,1101,2742,9.650000155,1440
"710","7007744171",2016-04-14,11179,2.950000048,0.340000004,4.960000038,0,34,6,304,1096,2668,8.250000089,1440
"711","7007744171",2016-04-15,5273,0,0,3.529999971,0,0,0,202,1238,2098,3.529999971,1440
"712","7007744171",2016-04-16,4631,0,0,3.099999905,0,0,0,203,1155,2076,3.099999905,1358
"713","7007744171",2016-04-17,8059,0,0,5.389999866,0,0,0,305,1135,2383,5.389999866,1440
"714","7007744171",2016-04-18,14816,3.789999962,2.119999886,5.050000191,0.02,48,31,284,1077,2832,10.98000004,1440
"715","7007744171",2016-04-19,14194,4.409999847,0.75999999,5.309999943,0,53,17,304,1066,2812,10.47999978,1440
"716","7007744171",2016-04-20,15566,4.789999962,0.670000017,5.860000134,0,60,33,347,1000,3096,11.32000011,1440
"717","7007744171",2016-04-21,13744,2.150000095,1.870000005,5.170000076,0,30,34,327,1049,2763,9.190000176,1440
"718","7007744171",2016-04-22,15299,4.099999905,1.75999999,4.369999886,0,64,50,261,1065,2889,10.22999978,1440
"719","7007744171",2016-04-23,8093,0.129999995,1.129999995,4.150000095,0,2,25,223,1190,2284,5.410000086,1440
"720","7007744171",2016-04-24,11085,0,0,7.420000076,0,0,0,419,1021,2667,7.420000076,1440
"721","7007744171",2016-04-25,18229,4.309999943,1.370000005,7.670000076,0,51,24,379,986,3055,13.35000002,1440
"722","7007744171",2016-04-26,15090,0.930000007,0.939999998,8.229999542,0,16,22,424,978,2939,10.09999955,1440
"723","7007744171",2016-04-27,13541,4.269999981,0.660000026,5.289999962,0,50,12,337,1041,2830,10.21999997,1440
"724","7007744171",2016-04-28,15128,1.090000033,0.769999981,8.260000229,0,16,16,401,1007,2836,10.12000024,1440
"725","7007744171",2016-04-29,20067,4.309999943,2.049999952,7.949999809,0,55,42,382,961,3180,14.3099997,1440
"726","7007744171",2016-04-30,3761,0,0,2.519999981,0,0,0,200,1240,2051,2.519999981,1440
"727","7007744171",2016-05-01,5600,0,0,3.75,0,0,0,237,1142,2225,3.75,1379
"728","7007744171",2016-05-02,13041,4.639999866,0.699999988,3.829999924,0,64,14,250,1112,2642,9.169999778,1440
"729","7007744171",2016-05-03,14510,4.480000019,1.019999981,5.360000134,0,58,31,330,1021,2976,10.86000013,1440
"730","7007744171",2016-05-04,0,0,0,0,0,0,0,0,1440,1557,0,1440
"731","7007744171",2016-05-05,15010,4.329999924,1.289999962,5.480000019,0,53,23,317,1047,2933,11.0999999,1440
"732","7007744171",2016-05-06,11459,3,0.810000002,3.859999895,0,44,13,247,1136,2553,7.669999897,1440
"733","7007744171",2016-05-07,0,0,0,0,0,0,0,0,111,120,0,111
"734","7086361926",2016-04-12,11317,5.269999981,0.150000006,2.970000029,0,59,6,153,745,2772,8.390000015,963
"735","7086361926",2016-04-13,5813,0.560000002,0.209999993,2.839999914,0,31,26,155,744,2516,3.60999991,956
"736","7086361926",2016-04-14,9123,2.029999971,0.330000013,3.660000086,0,35,32,189,787,2734,6.02000007,1043
"737","7086361926",2016-04-15,8585,2.039999962,1.110000014,2.529999971,0,30,21,139,864,2395,5.679999948,1054
"738","7086361926",2016-04-16,31,0,0,0.01,0,0,0,3,1437,1635,0.01,1440
"739","7086361926",2016-04-17,0,0,0,0,0,0,0,0,1440,1629,0,1440
"740","7086361926",2016-04-18,9827,3.170000076,1.220000029,2.309999943,0,61,51,114,1136,2743,6.700000048,1362
"741","7086361926",2016-04-19,10688,3.529999971,1.230000019,2.50999999,0,67,69,124,671,2944,7.269999981,931
"742","7086361926",2016-04-20,14365,7.639999866,0.449999988,2.539999962,0,87,13,145,797,2997,10.62999982,1042
"743","7086361926",2016-04-21,9469,1.360000014,0.300000012,4.510000229,0,19,6,206,758,2463,6.170000255,989
"744","7086361926",2016-04-22,9753,2.869999886,0.970000029,2.670000076,0,58,59,153,762,2846,6.50999999,1032
"745","7086361926",2016-04-23,2817,0,0,1.799999952,0,0,0,90,1350,1965,1.799999952,1440
"746","7086361926",2016-04-24,3520,0,0,2.150000095,0,0,0,125,566,2049,2.150000095,691
"747","7086361926",2016-04-25,10091,3.75,0.699999988,2.369999886,0,69,39,129,706,2752,6.819999874,943
"748","7086361926",2016-04-26,10387,4.159999847,0.769999981,2.119999886,0,70,33,132,726,2781,7.049999714,961
"749","7086361926",2016-04-27,11107,5.630000114,0.180000007,2.529999971,0,55,6,145,829,2693,8.340000093,1035
"750","7086361926",2016-04-28,11584,2.789999962,1.639999986,3.359999895,0,54,48,161,810,2862,7.789999843,1073
"751","7086361926",2016-04-29,7881,0.49000001,0.449999988,4,0,24,36,182,1198,2616,4.939999998,1440
"752","7086361926",2016-04-30,14560,3.119999886,1.039999962,5.239999771,0,42,17,308,584,2995,9.399999619,951
"753","7086361926",2016-05-01,12390,2.299999952,0.899999976,4.849999905,0,30,15,258,685,2730,8.049999833,988
"754","7086361926",2016-05-02,10052,3.480000019,0.660000026,2.660000086,0,66,26,139,737,2754,6.800000131,968
"755","7086361926",2016-05-03,10288,2.74000001,0.850000024,3.160000086,0,57,36,152,761,2754,6.750000119,1006
"756","7086361926",2016-05-04,10988,5.28000021,0.119999997,2.900000095,0,45,12,135,843,2655,8.300000302,1035
"757","7086361926",2016-05-05,8564,1.779999971,0.829999983,2.950000048,0,24,14,149,1253,2386,5.560000002,1440
"758","7086361926",2016-05-06,12461,3.819999933,1.429999948,3.119999886,0,84,35,154,834,2924,8.369999766,1107
"759","7086361926",2016-05-07,12827,1.460000038,2.329999924,4.679999828,0,20,42,209,621,2739,8.46999979,892
"760","7086361926",2016-05-08,10677,2.309999943,1.529999971,3.25,0,32,27,147,695,2534,7.089999914,901
"761","7086361926",2016-05-09,13566,4.260000229,1.710000038,3.119999886,0,67,50,171,743,2960,9.090000153,1031
"762","7086361926",2016-05-10,14433,7.110000134,1.200000048,2.450000048,0,72,23,106,1182,2800,10.76000023,1383
"763","7086361926",2016-05-11,9572,2.890000105,1.389999986,2.230000019,0,57,40,128,757,2735,6.51000011,982
"764","7086361926",2016-05-12,3789,0.379999995,0.270000011,1.889999986,0,5,4,58,343,1199,2.539999992,410
"765","8053475328",2016-04-12,18060,11.64000034,0.389999986,2.099999905,0,116,8,123,1193,3186,14.13000023,1440
"766","8053475328",2016-04-13,16433,10.43000031,0.469999999,2.450000048,0,95,12,156,1177,3140,13.35000035,1440
"767","8053475328",2016-04-14,20159,12.34000015,0.209999993,3.359999895,0,119,5,193,1123,3411,15.91000004,1440
"768","8053475328",2016-04-15,20669,13.26000023,0.389999986,2.589999914,0,132,8,158,1142,3410,16.24000013,1440
"769","8053475328",2016-04-16,14549,9.359999657,0.270000011,1.49000001,0,96,6,83,1255,2867,11.11999968,1440
"770","8053475328",2016-04-17,18827,9.239999771,0.800000012,3.640000105,0,111,21,195,1113,3213,13.67999989,1440
"771","8053475328",2016-04-18,17076,9.079999924,0.230000004,3.349999905,0,102,6,195,1137,3133,12.65999983,1440
"772","8053475328",2016-04-19,15929,9.220000267,0.310000002,2.950000048,0,90,7,191,1152,3114,12.48000032,1440
"773","8053475328",2016-04-20,15108,9.579999924,0.230000004,2.380000114,0,89,5,158,695,3043,12.19000004,947
"774","8053475328",2016-04-21,16057,9.670000076,0.25,2.579999924,0,100,6,170,1164,3103,12.5,1440
"775","8053475328",2016-04-22,10520,6.260000229,0.150000006,1.879999995,0,60,3,117,1260,2655,8.29000023,1440
"776","8053475328",2016-04-23,22359,12.53999996,0.629999995,4.019999981,0,125,14,223,741,3554,17.18999994,1103
"777","8053475328",2016-04-24,22988,13.13000011,1.549999952,3.25999999,0,129,33,182,1096,3577,17.94000006,1440
"778","8053475328",2016-04-25,20500,11.36999989,0.460000008,3.859999895,0,118,9,209,1104,3403,15.68999979,1440
"779","8053475328",2016-04-26,12685,6.309999943,0.200000003,3.099999905,0,68,5,185,1182,2846,9.60999985,1440
"780","8053475328",2016-04-27,12422,6.460000038,0.430000007,2.930000067,0,60,10,183,1187,2852,9.820000112,1440
"781","8053475328",2016-04-28,15447,9.670000076,0.389999986,2.349999905,0,90,9,153,1188,3062,12.40999997,1440
"782","8053475328",2016-04-29,12315,6.170000076,0.310000002,3.170000076,0,58,8,159,1215,2794,9.650000155,1440
"783","8053475328",2016-04-30,7135,2.99000001,0.059999999,2.539999962,0,27,1,131,1281,2408,5.58999997,1440
"784","8053475328",2016-05-01,1170,0,0,0.850000024,0,0,0,51,1389,1886,0.850000024,1440
"785","8053475328",2016-05-02,1969,0,0,1.429999948,0,0,0,95,1345,1988,1.429999948,1440
"786","8053475328",2016-05-03,15484,8.390000343,0.930000007,2.589999914,0,87,22,165,1166,3023,11.91000026,1440
"787","8053475328",2016-05-04,14581,8.819999695,0.400000006,1.909999967,0,89,8,123,1220,2918,11.12999967,1440
"788","8053475328",2016-05-05,14990,8.850000381,0.449999988,2.210000038,0,93,9,130,1208,2950,11.51000041,1440
"789","8053475328",2016-05-06,13953,9.100000381,0.689999998,1.210000038,0,90,15,90,1245,2859,11.00000042,1440
"790","8053475328",2016-05-07,19769,12.43999958,0.879999995,2.349999905,0,121,20,148,1076,3331,15.66999948,1365
"791","8053475328",2016-05-08,22026,13.39999962,0.589999974,3.660000086,0,125,14,228,1073,3589,17.64999968,1440
"792","8053475328",2016-05-09,12465,6.119999886,0.569999993,2.690000057,0,66,12,148,1214,2765,9.379999936,1440
"793","8053475328",2016-05-10,14810,9.090000153,0.419999987,1.850000024,0,96,10,115,1219,2926,11.36000016,1440
"794","8053475328",2016-05-11,12209,6.079999924,0.280000001,3.039999962,0,60,7,184,1189,2809,9.399999887,1440
"795","8053475328",2016-05-12,4998,2.950000048,0.200000003,0.75999999,0,28,4,39,839,1505,3.910000041,910
"796","8253242879",2016-04-12,9033,5.429999828,0.140000001,1.590000033,0,40,2,154,1244,2044,7.159999862,1440
"797","8253242879",2016-04-13,8053,4.170000076,0.629999995,1.309999943,0,35,11,96,1298,1935,6.110000014,1440
"798","8253242879",2016-04-14,5234,1.929999948,0.99000001,0.540000021,0,29,16,33,1362,1705,3.459999979,1440
"799","8253242879",2016-04-15,2672,0,0,1.75999999,0,0,0,105,1335,1632,1.75999999,1440
"800","8253242879",2016-04-16,9256,0.430000007,3.269999981,2.450000048,0,6,51,115,1268,1880,6.150000036,1440
"801","8253242879",2016-04-17,10204,5.429999828,0.150000006,2.329999924,0,41,5,157,1237,2112,7.909999758,1440
"802","8253242879",2016-04-18,5151,1.039999962,0.629999995,1.799999952,0,16,16,130,1278,1829,3.469999909,1440
"803","8253242879",2016-04-19,4212,0,0,2.779999971,0,0,0,164,1276,1763,2.779999971,1440
"804","8253242879",2016-04-20,6466,0.330000013,0.819999993,3.109999895,0.01,5,18,216,1201,1931,4.269999901,1440
"805","8253242879",2016-04-21,11268,5.880000114,0.930000007,1.75,0,49,20,172,1199,2218,8.560000122,1440
"806","8253242879",2016-04-22,2824,0,0,1.870000005,0,0,0,120,1320,1651,1.870000005,1440
"807","8253242879",2016-04-23,9282,2.089999914,1.039999962,3.130000114,0,30,26,191,1193,2132,6.25999999,1440
"808","8253242879",2016-04-24,8905,5.599999905,0.189999998,1.340000033,0,41,4,82,1313,1976,7.129999936,1440
"809","8253242879",2016-04-25,6829,0.360000014,2.390000105,1.769999981,0,7,54,118,1261,1909,4.5200001,1440
"810","8253242879",2016-04-26,4562,1.179999948,0.49000001,1.370000005,0,19,14,108,1299,1813,3.039999962,1440
"811","8253242879",2016-04-27,10232,6.239999771,0.230000004,1.700000048,0,45,5,104,1286,2008,8.169999823,1440
"812","8253242879",2016-04-28,2718,0.670000017,0.779999971,0.340000004,0,11,16,20,1393,1580,1.789999992,1440
"813","8253242879",2016-04-29,6260,1.289999962,0.540000021,2.400000095,0,16,14,136,1257,1854,4.230000079,1423
"814","8253242879",2016-04-30,0,0,0,0,0,0,0,0,1440,0,0,1440
"815","8378563200",2016-04-12,7626,0.829999983,0.709999979,4.5,0,65,15,156,723,3635,6.039999962,959
"816","8378563200",2016-04-13,12386,4.960000038,0.649999976,4.210000038,0,116,14,169,680,4079,9.820000052,979
"817","8378563200",2016-04-14,13318,5.619999886,1.029999971,3.910000086,0,123,21,174,699,4163,10.55999994,1017
"818","8378563200",2016-04-15,14461,4.909999847,1.149999976,5.409999847,0,60,23,190,729,3666,11.46999967,1002
"819","8378563200",2016-04-16,11207,5.369999886,1.070000052,2.440000057,0,64,21,142,563,3363,8.879999995,790
"820","8378563200",2016-04-17,2132,0,0,1.690000057,0,0,0,93,599,2572,1.690000057,692
"821","8378563200",2016-04-18,13630,5.050000191,0.560000002,5.199999809,0,117,10,174,720,4157,10.81,1021
"822","8378563200",2016-04-19,13070,5.300000191,0.879999995,4.179999828,0,120,19,154,737,4092,10.36000001,1030
"823","8378563200",2016-04-20,9388,2.230000019,0.439999998,4.78000021,0,82,8,169,763,3787,7.450000226,1022
"824","8378563200",2016-04-21,15148,6.900000095,0.819999993,4.289999962,0,137,16,145,677,4236,12.01000005,975
"825","8378563200",2016-04-22,12200,4.909999847,0.589999974,4.179999828,0,113,12,159,769,4044,9.67999965,1053
"826","8378563200",2016-04-23,5709,1.519999981,0.519999981,2.480000019,0,19,10,136,740,2908,4.519999981,905
"827","8378563200",2016-04-24,3703,0,0,2.940000057,0,0,0,135,734,2741,2.940000057,869
"828","8378563200",2016-04-25,12405,5.050000191,0.870000005,3.920000076,0,117,16,141,692,4005,9.840000272,966
"829","8378563200",2016-04-26,16208,7.510000229,0.920000017,4.420000076,0,90,18,161,593,3763,12.85000032,862
"830","8378563200",2016-04-27,7359,0.330000013,0.180000007,5.329999924,0,4,4,192,676,3061,5.839999944,876
"831","8378563200",2016-04-28,5417,0.899999976,0.49000001,2.910000086,0,11,10,139,711,2884,4.300000072,871
"832","8378563200",2016-04-29,6175,0.25,0.360000014,4.269999981,0,3,7,172,767,2982,4.879999995,949
"833","8378563200",2016-04-30,2946,0,0,2.339999914,0,0,0,121,780,2660,2.339999914,901
"834","8378563200",2016-05-01,11419,6.03000021,0.560000002,2.470000029,0,71,10,127,669,3369,9.060000241,877
"835","8378563200",2016-05-02,6064,0.629999995,0.170000002,4.010000229,0,63,4,142,802,3491,4.810000226,1011
"836","8378563200",2016-05-03,8712,1.340000033,1.059999943,4.5,0,71,20,195,822,3784,6.899999976,1108
"837","8378563200",2016-05-04,7875,1.559999943,0.49000001,4.199999809,0,19,10,167,680,3110,6.249999762,876
"838","8378563200",2016-05-05,8567,0.889999986,0.159999996,5.739999771,0,66,3,214,764,3783,6.789999753,1047
"839","8378563200",2016-05-06,7045,1.549999952,0.25,3.779999971,0,74,5,166,831,3644,5.579999924,1076
"840","8378563200",2016-05-07,4468,0,0,3.539999962,0,0,0,158,851,2799,3.539999962,1009
"841","8378563200",2016-05-08,2943,0,0,2.329999924,0,0,0,139,621,2685,2.329999924,760
"842","8378563200",2016-05-09,8382,1.269999981,0.660000026,4.71999979,0,71,13,171,772,3721,6.649999797,1027
"843","8378563200",2016-05-10,6582,0.660000026,0.639999986,3.920000076,0,63,13,152,840,3586,5.220000088,1068
"844","8378563200",2016-05-11,9143,1.389999986,0.589999974,5.269999981,0,72,10,184,763,3788,7.24999994,1029
"845","8378563200",2016-05-12,4561,0.649999976,0.270000011,2.690000057,0,8,6,102,433,1976,3.610000044,549
"846","8583815059",2016-04-12,5014,0,0.330000013,3.579999924,0,0,7,196,1237,2650,3.909999937,1440
"847","8583815059",2016-04-13,5571,0.150000006,0.970000029,3.230000019,0,2,23,163,1252,2654,4.350000054,1440
"848","8583815059",2016-04-14,3135,0,0,2.430000067,0,0,0,134,1306,2443,2.430000067,1440
"849","8583815059",2016-04-15,3430,0,0,0.899999976,0,0,0,65,1375,2505,0.899999976,1440
"850","8583815059",2016-04-16,5319,0,0,0,0,0,0,0,1440,2693,0,1440
"851","8583815059",2016-04-17,3008,0,0,0,0,0,0,0,1440,2439,0,1440
"852","8583815059",2016-04-18,3864,0.310000002,1.059999943,1.350000024,0,4,22,105,1309,2536,2.719999969,1440
"853","8583815059",2016-04-19,5697,0.529999971,0.479999989,3.440000057,0,7,10,166,1257,2668,4.450000018,1440
"854","8583815059",2016-04-20,5273,0,1.039999962,3.069999933,0,0,27,167,1246,2647,4.109999895,1440
"855","8583815059",2016-04-21,8538,2.630000114,1.019999981,3.00999999,0,35,18,158,1229,2883,6.660000086,1440
"856","8583815059",2016-04-22,8687,0.289999992,2.410000086,4.079999924,0,4,54,212,1170,2944,6.780000001,1440
"857","8583815059",2016-04-23,9423,0.529999971,2.029999971,4.75,0,7,44,238,1151,3012,7.309999943,1440
"858","8583815059",2016-04-24,8286,0.150000006,2.049999952,4.269999981,0,2,44,206,1188,2889,6.469999939,1440
"859","8583815059",2016-04-25,4503,1.470000029,0.239999995,1.809999943,0,18,6,122,1294,2547,3.519999966,1440
"860","8583815059",2016-04-26,10499,0.07,4.21999979,3.890000105,0,1,91,214,1134,3093,8.179999895,1440
"861","8583815059",2016-04-27,12474,6.599999905,0.270000011,2.869999886,0,77,5,129,1229,3142,9.739999801,1440
"862","8583815059",2016-04-28,6174,0,1.200000048,3.609999895,0,0,28,203,1209,2757,4.809999943,1440
"863","8583815059",2016-04-29,15168,3.900000095,3,4.920000076,0,46,67,258,1069,3513,11.82000017,1440
"864","8583815059",2016-04-30,10085,0.150000006,1.279999971,6.429999828,0,2,28,317,1093,3164,7.859999806,1440
"865","8583815059",2016-05-01,4512,0.779999971,0.119999997,2.039999962,0,10,2,117,1311,2596,2.939999931,1440
"866","8583815059",2016-05-02,8469,0,0,0,0,0,0,0,1440,2894,0,1440
"867","8583815059",2016-05-03,12015,0,0,0,0,0,0,0,1440,3212,0,1440
"868","8583815059",2016-05-04,3588,0,0,0,0,0,0,0,1440,2516,0,1440
"869","8583815059",2016-05-05,12427,0,0,1.179999948,0,0,0,70,1370,3266,1.179999948,1440
"870","8583815059",2016-05-06,5843,0.140000001,1.190000057,3.230000019,0,2,22,166,1250,2683,4.560000077,1440
"871","8583815059",2016-05-07,6117,0,0,4.769999981,0,0,0,250,1190,2810,4.769999981,1440
"872","8583815059",2016-05-08,9217,0.219999999,3.309999943,3.660000086,0,3,72,182,1183,2940,7.190000027,1440
"873","8583815059",2016-05-09,9877,5.760000229,0.170000002,1.730000019,0,66,4,110,1260,2947,7.66000025,1440
"874","8583815059",2016-05-10,8240,0.689999998,2.00999999,3.720000029,0,9,43,162,1226,2846,6.420000017,1440
"875","8583815059",2016-05-11,8701,0.370000005,3.24000001,3.170000076,0,5,71,177,1106,2804,6.780000091,1359
"876","8583815059",2016-05-12,0,0,0,0,0,0,0,0,1440,0,0,1440
"877","8792009665",2016-04-12,2564,0,0,1.639999986,0,0,0,116,831,2044,1.639999986,947
"878","8792009665",2016-04-13,1320,0,0,0.839999974,0,0,0,82,806,1934,0.839999974,888
"879","8792009665",2016-04-14,1219,0,0,0.779999971,0,0,0,84,853,1963,0.779999971,937
"880","8792009665",2016-04-15,2483,0,0,1.590000033,0,0,0,126,937,2009,1.590000033,1063
"881","8792009665",2016-04-16,244,0,0,0.159999996,0,0,0,12,1428,1721,0.159999996,1440
"882","8792009665",2016-04-17,0,0,0,0,0,0,0,0,1440,1688,0,1440
"883","8792009665",2016-04-18,0,0,0,0,0,0,0,0,1440,1688,0,1440
"884","8792009665",2016-04-19,0,0,0,0,0,0,0,0,1440,1688,0,1440
"885","8792009665",2016-04-20,3147,0,0.280000001,1.74000001,0,0,10,139,744,2188,2.020000011,893
"886","8792009665",2016-04-21,144,0,0,0.090000004,0,0,0,9,1431,1720,0.090000004,1440
"887","8792009665",2016-04-22,4068,0.050000001,0.280000001,2.269999981,0,1,20,195,817,2419,2.599999983,1033
"888","8792009665",2016-04-23,5245,0.159999996,0.439999998,2.75,0,8,45,232,795,2748,3.349999994,1080
"889","8792009665",2016-04-24,400,0.039999999,0.050000001,0.159999996,0,3,8,19,1410,1799,0.249999996,1440
"890","8792009665",2016-04-25,0,0,0,0,0,0,0,0,1440,1688,0,1440
"891","8792009665",2016-04-26,1321,0,0,0.850000024,0,0,0,80,1360,1928,0.850000024,1440
"892","8792009665",2016-04-27,1758,0,0,1.129999995,0,0,0,112,900,2067,1.129999995,1012
"893","8792009665",2016-04-28,6157,0,0,3.940000057,0,0,0,310,714,2780,3.940000057,1024
"894","8792009665",2016-04-29,8360,0.140000001,0.280000001,4.929999828,0,6,14,380,634,3101,5.34999983,1034
"895","8792009665",2016-04-30,7174,0.330000013,0.360000014,3.910000086,0,10,20,301,749,2896,4.600000113,1080
"896","8792009665",2016-05-01,1619,0,0,1.039999962,0,0,0,79,834,1962,1.039999962,913
"897","8792009665",2016-05-02,1831,0,0,1.169999957,0,0,0,101,916,2015,1.169999957,1017
"898","8792009665",2016-05-03,2421,0,0,1.549999952,0,0,0,156,739,2297,1.549999952,895
"899","8792009665",2016-05-04,2283,0,0,1.460000038,0,0,0,129,848,2067,1.460000038,977
"900","8792009665",2016-05-05,0,0,0,0,0,0,0,0,1440,1688,0,1440
"901","8792009665",2016-05-06,0,0,0,0,0,0,0,0,1440,1688,0,1440
"902","8792009665",2016-05-07,0,0,0,0,0,0,0,0,1440,1688,0,1440
"903","8792009665",2016-05-08,0,0,0,0,0,0,0,0,1440,1688,0,1440
"904","8792009665",2016-05-09,0,0,0,0,0,0,0,0,1440,1688,0,1440
"905","8792009665",2016-05-10,0,0,0,0,0,0,0,0,48,57,0,48
"906","8877689391",2016-04-12,23186,12.22000027,0.340000004,7.820000172,0,85,7,312,1036,3921,20.38000044,1440
"907","8877689391",2016-04-13,15337,3.549999952,0.379999995,5.639999866,0,108,18,216,1098,3566,9.569999814,1440
"908","8877689391",2016-04-14,21129,10.55000019,0.589999974,7.75,0.02,68,13,298,1061,3793,18.91000016,1440
"909","8877689391",2016-04-15,13422,0.050000001,0.050000001,7.010000229,0.01,106,1,281,1052,3934,7.12000023,1440
"910","8877689391",2016-04-16,29326,13.23999977,1.210000038,10.71000004,0,94,29,429,888,4547,25.15999985,1440
"911","8877689391",2016-04-17,15118,0,0.07,8.789999962,0,58,15,307,1060,3545,8.859999962,1440
"912","8877689391",2016-04-18,11423,2.440000057,0.270000011,5.940000057,0,29,5,191,1215,2761,8.650000125,1440
"913","8877689391",2016-04-19,18785,12.14999962,0.180000007,5.03000021,0,82,13,214,1131,3676,17.35999984,1440
"914","8877689391",2016-04-20,19948,11.02000046,0.689999998,6.340000153,0,73,19,225,1123,3679,18.05000061,1440
"915","8877689391",2016-04-21,19377,12.28999996,0.419999987,4.889999866,0,82,13,226,1119,3659,17.59999982,1440
"916","8877689391",2016-04-22,18258,10.22999954,0.029999999,5.96999979,0.050000001,61,2,236,1141,3427,16.27999933,1440
"917","8877689391",2016-04-23,11200,0,0,7.400000095,0.01,102,6,300,1032,3891,7.410000095,1440
"918","8877689391",2016-04-24,16674,11.01000023,0.01,4.690000057,0,64,1,227,1148,3455,15.71000029,1440
"919","8877689391",2016-04-25,12986,2.369999886,0.07,6.269999981,0.01,113,8,218,1101,3802,8.719999867,1440
"920","8877689391",2016-04-26,11101,1.75999999,0.129999995,6.5,0,22,3,258,1157,2860,8.389999986,1440
"921","8877689391",2016-04-27,23629,13.06999969,0.439999998,7.099999905,0,93,8,235,1104,3808,20.6099996,1440
"922","8877689391",2016-04-28,14890,4.929999828,0.379999995,5.96999979,0,58,8,231,1143,3060,11.27999961,1440
"923","8877689391",2016-04-29,9733,1.379999995,0.170000002,5.789999962,0,18,5,210,1207,2698,7.339999959,1440
"924","8877689391",2016-04-30,27745,21.65999985,0.079999998,4.929999828,0,124,4,223,1089,4398,26.66999967,1440
"925","8877689391",2016-05-01,10930,3.130000114,0.569999993,4.570000172,0,36,12,166,1226,2786,8.270000279,1440
"926","8877689391",2016-05-02,4790,0,0,3.559999943,0,0,0,105,1335,2189,3.559999943,1440
"927","8877689391",2016-05-03,10818,1.389999986,0.100000001,6.670000076,0.01,19,3,229,1189,2817,8.170000063,1440
"928","8877689391",2016-05-04,18193,10.42000008,0.310000002,5.53000021,0,66,8,212,1154,3477,16.26000029,1440
"929","8877689391",2016-05-05,14055,5.460000038,0.819999993,4.369999886,0,67,15,188,1170,3052,10.64999992,1440
"930","8877689391",2016-05-06,21727,12.78999996,0.289999992,6.159999847,0,96,17,232,1095,4015,19.2399998,1440
"931","8877689391",2016-05-07,12332,0.079999998,0.959999979,6.989999771,0,105,28,271,1036,4142,8.029999748,1440
"932","8877689391",2016-05-08,10686,1.080000043,0.200000003,6.800000191,0,17,4,245,1174,2847,8.080000237,1440
"933","8877689391",2016-05-09,20226,11.10000038,0.800000012,6.239999771,0.050000001,73,19,217,1131,3710,18.19000017,1440
"934","8877689391",2016-05-10,10733,1.350000024,0.460000008,6.28000021,0,18,11,224,1187,2832,8.090000242,1440
"935","8877689391",2016-05-11,21420,13.22000027,0.409999996,5.889999866,0,88,12,213,1127,3832,19.52000013,1440
"936","8877689391",2016-05-12,8064,1.820000052,0.039999999,4.25,0,23,1,137,770,1849,6.110000052,931
